timestamp,latitude,longitude,speed,ignition
2026-06-01 07:45:00,52.520000,13.405000,0,an
2026-06-01 07:45:20,52.521199,13.408413,48,an
2026-06-01 07:45:40,52.522398,13.411827,48,an
2026-06-01 07:46:00,52.523597,13.415240,48,an
2026-06-01 07:46:20,52.524796,13.418654,48,an
2026-06-01 07:46:40,52.525995,13.422068,48,an
2026-06-01 07:47:00,52.527194,13.425481,48,an
2026-06-01 07:47:20,52.528393,13.428895,48,an
2026-06-01 07:47:40,52.529592,13.432309,48,an
2026-06-01 07:48:00,52.530791,13.435723,48,an
2026-06-01 07:48:20,52.531990,13.439137,48,an
2026-06-01 07:48:40,52.533190,13.442552,48,an
2026-06-01 07:49:00,52.534389,13.445966,48,an
2026-06-01 07:49:20,52.535588,13.449380,48,an
2026-06-01 07:49:40,52.536787,13.452795,48,an
2026-06-01 07:50:00,52.537986,13.456210,48,an
2026-06-01 07:50:20,52.539185,13.459624,48,an
2026-06-01 07:50:40,52.540384,13.463039,48,an
2026-06-01 07:51:00,52.541583,13.466454,48,an
2026-06-01 07:51:20,52.542782,13.469869,48,an
2026-06-01 07:51:40,52.543981,13.473284,48,an
2026-06-01 07:52:00,52.545180,13.476699,48,an
2026-06-01 07:52:20,52.546379,13.480115,48,an
2026-06-01 07:52:40,52.547578,13.483530,48,an
2026-06-01 07:53:00,52.548777,13.486945,48,an
2026-06-01 07:53:20,52.549976,13.490361,48,an
2026-06-01 07:53:40,52.551175,13.493777,48,an
2026-06-01 07:54:00,52.552374,13.497192,48,an
2026-06-01 07:54:20,52.553573,13.500608,48,an
2026-06-01 07:54:40,52.554772,13.504024,48,an
2026-06-01 07:55:00,52.555971,13.507440,48,an
2026-06-01 07:55:20,52.557170,13.510856,48,an
2026-06-01 07:55:40,52.558369,13.514272,48,an
2026-06-01 07:56:00,52.559569,13.517689,48,an
2026-06-01 07:56:20,52.560768,13.521105,48,an
2026-06-01 07:56:40,52.561967,13.524522,48,an
2026-06-01 07:57:00,52.563166,13.527938,48,an
2026-06-01 07:58:00,52.563166,13.527938,0,an
2026-06-01 07:58:20,52.564644,13.533153,70,an
2026-06-01 07:58:40,52.566122,13.538367,70,an
2026-06-01 07:59:00,52.567599,13.543582,70,an
2026-06-01 07:59:20,52.569077,13.548797,70,an
2026-06-01 07:59:40,52.570555,13.554012,70,an
2026-06-01 08:00:00,52.572033,13.559228,70,an
2026-06-01 08:00:20,52.573511,13.564443,70,an
2026-06-01 08:00:40,52.574989,13.569659,70,an
2026-06-01 08:01:00,52.576467,13.574875,70,an
2026-06-01 08:01:20,52.577945,13.580091,70,an
2026-06-01 08:01:40,52.579423,13.585307,70,an
2026-06-01 08:02:00,52.580901,13.590523,70,an
2026-06-01 08:02:20,52.582379,13.595740,70,an
2026-06-01 08:02:40,52.583857,13.600956,70,an
2026-06-01 08:03:00,52.585335,13.606173,70,an
2026-06-01 08:03:20,52.586813,13.611390,70,an
2026-06-01 08:03:40,52.588291,13.616608,70,an
2026-06-01 08:04:00,52.589768,13.621825,70,an
2026-06-01 08:04:20,52.591246,13.627043,70,an
2026-06-01 08:04:40,52.592724,13.632261,70,an
2026-06-01 08:05:00,52.594202,13.637479,70,an
2026-06-01 08:05:20,52.595680,13.642697,70,an
2026-06-01 08:05:40,52.597158,13.647915,70,an
2026-06-01 08:06:00,52.598636,13.653134,70,an
2026-06-01 08:06:20,52.601486,13.663198,135,an
2026-06-01 08:06:40,52.604336,13.673264,135,an
2026-06-01 08:07:00,52.607186,13.683330,135,an
2026-06-01 08:07:20,52.610036,13.693397,135,an
2026-06-01 08:07:40,52.612887,13.703465,135,an
2026-06-01 08:08:00,52.615737,13.713533,135,an
2026-06-01 08:08:20,52.618587,13.723602,135,an
2026-06-01 08:08:40,52.621437,13.733671,135,an
2026-06-01 08:09:00,52.624287,13.743741,135,an
2026-06-01 08:10:00,52.624287,13.743741,0,aus
2026-06-01 08:11:00,52.624287,13.743741,0,aus
2026-06-01 08:12:00,52.624287,13.743741,0,aus
2026-06-01 08:13:00,52.624287,13.743741,0,aus
2026-06-01 08:14:00,52.624287,13.743741,0,aus
2026-06-01 08:15:00,52.624287,13.743741,0,aus
2026-06-01 08:16:00,52.624287,13.743741,0,aus
2026-06-01 08:17:00,52.624287,13.743741,0,aus
2026-06-01 08:18:00,52.624287,13.743741,0,aus
2026-06-01 08:19:00,52.624287,13.743741,0,aus
2026-06-01 08:20:00,52.624287,13.743741,0,aus
2026-06-01 08:21:00,52.624287,13.743741,0,aus
2026-06-01 08:22:00,52.624287,13.743741,0,aus
2026-06-01 08:23:00,52.624287,13.743741,0,aus
2026-06-01 08:24:00,52.624287,13.743741,0,aus
2026-06-01 08:25:00,52.624287,13.743741,0,aus
2026-06-01 08:26:00,52.624287,13.743741,0,aus
2026-06-01 08:27:00,52.624287,13.743741,0,aus
2026-06-01 08:28:00,52.624287,13.743741,0,aus
2026-06-01 08:29:00,52.624287,13.743741,0,aus
2026-06-01 08:30:00,52.624287,13.743741,0,aus
2026-06-01 08:31:00,52.624287,13.743741,0,aus
2026-06-01 08:32:00,52.624287,13.743741,0,aus
2026-06-01 08:33:00,52.624287,13.743741,0,aus
2026-06-01 08:34:00,52.624287,13.743741,0,aus
2026-06-01 08:35:00,52.624287,13.743741,0,aus
2026-06-01 08:36:00,52.624287,13.743741,0,aus
2026-06-01 08:37:00,52.624287,13.743741,0,aus
2026-06-01 08:38:00,52.624287,13.743741,0,aus
2026-06-01 08:39:00,52.624287,13.743741,0,aus
2026-06-01 08:40:00,52.624287,13.743741,0,aus
2026-06-01 08:41:00,52.624287,13.743741,0,aus
2026-06-01 08:42:00,52.624287,13.743741,0,aus
2026-06-01 08:43:00,52.624287,13.743741,0,aus
2026-06-01 08:44:00,52.624287,13.743741,0,aus
2026-06-01 08:45:00,52.624287,13.743741,0,aus
2026-06-01 08:46:00,52.624287,13.743741,0,aus
2026-06-01 08:47:00,52.624287,13.743741,0,aus
2026-06-01 08:48:00,52.624287,13.743741,0,aus
2026-06-01 08:49:00,52.624287,13.743741,0,aus
2026-06-01 08:50:00,52.624287,13.743741,0,aus
2026-06-01 08:51:00,52.624287,13.743741,0,aus
2026-06-01 08:52:00,52.624287,13.743741,0,aus
2026-06-01 08:53:00,52.624287,13.743741,0,aus
2026-06-01 08:54:00,52.624287,13.743741,0,aus
2026-06-01 08:55:00,52.624287,13.743741,0,aus
2026-06-01 08:56:00,52.624287,13.743741,0,aus
2026-06-01 08:57:00,52.624287,13.743741,0,aus
2026-06-01 08:58:00,52.624287,13.743741,0,aus
2026-06-01 08:59:00,52.624287,13.743741,0,aus
2026-06-01 09:00:00,52.624287,13.743741,0,aus
2026-06-01 09:01:00,52.624287,13.743741,0,aus
2026-06-01 09:02:00,52.624287,13.743741,0,aus
2026-06-01 09:03:00,52.624287,13.743741,0,aus
2026-06-01 09:04:00,52.624287,13.743741,0,aus
2026-06-01 09:05:00,52.624287,13.743741,0,aus
2026-06-01 09:06:00,52.624287,13.743741,0,aus
2026-06-01 09:07:00,52.624287,13.743741,0,aus
2026-06-01 09:08:00,52.624287,13.743741,0,aus
2026-06-01 09:09:00,52.624287,13.743741,0,aus
2026-06-01 09:10:00,52.624287,13.743741,0,aus
2026-06-01 09:11:00,52.624287,13.743741,0,aus
2026-06-01 09:12:00,52.624287,13.743741,0,aus
2026-06-01 09:13:00,52.624287,13.743741,0,aus
2026-06-01 09:14:00,52.624287,13.743741,0,aus
2026-06-01 09:15:00,52.624287,13.743741,0,aus
2026-06-01 09:16:00,52.624287,13.743741,0,aus
2026-06-01 09:17:00,52.624287,13.743741,0,aus
2026-06-01 09:18:00,52.624287,13.743741,0,aus
2026-06-01 09:19:00,52.624287,13.743741,0,aus
2026-06-01 09:20:00,52.624287,13.743741,0,aus
2026-06-01 09:21:00,52.624287,13.743741,0,aus
2026-06-01 09:22:00,52.624287,13.743741,0,aus
2026-06-01 09:23:00,52.624287,13.743741,0,aus
2026-06-01 09:24:00,52.624287,13.743741,0,aus
2026-06-01 09:25:00,52.624287,13.743741,0,aus
2026-06-01 09:26:00,52.624287,13.743741,0,aus
2026-06-01 09:27:00,52.624287,13.743741,0,aus
2026-06-01 09:28:00,52.624287,13.743741,0,aus
2026-06-01 09:29:00,52.624287,13.743741,0,aus
2026-06-01 09:30:00,52.624287,13.743741,0,aus
2026-06-01 09:31:00,52.624287,13.743741,0,aus
2026-06-01 09:32:00,52.624287,13.743741,0,aus
2026-06-01 09:33:00,52.624287,13.743741,0,aus
2026-06-01 09:34:00,52.624287,13.743741,0,aus
2026-06-01 09:35:00,52.624287,13.743741,0,aus
2026-06-01 09:36:00,52.624287,13.743741,0,aus
2026-06-01 09:37:00,52.624287,13.743741,0,aus
2026-06-01 09:38:00,52.624287,13.743741,0,aus
2026-06-01 09:39:00,52.624287,13.743741,0,aus
2026-06-01 09:40:00,52.624287,13.743741,0,aus
2026-06-01 09:41:00,52.624287,13.743741,0,aus
2026-06-01 09:42:00,52.624287,13.743741,0,aus
2026-06-01 09:43:00,52.624287,13.743741,0,aus
2026-06-01 09:44:00,52.624287,13.743741,0,aus
2026-06-01 09:45:00,52.624287,13.743741,0,aus
2026-06-01 09:46:00,52.624287,13.743741,0,aus
2026-06-01 09:47:00,52.624287,13.743741,0,aus
2026-06-01 09:48:00,52.624287,13.743741,0,aus
2026-06-01 09:49:00,52.624287,13.743741,0,aus
2026-06-01 09:50:00,52.624287,13.743741,0,aus
2026-06-01 09:51:00,52.624287,13.743741,0,aus
2026-06-01 09:52:00,52.624287,13.743741,0,aus
2026-06-01 09:53:00,52.624287,13.743741,0,aus
2026-06-01 09:54:00,52.624287,13.743741,0,aus
2026-06-01 09:55:00,52.624287,13.743741,0,aus
2026-06-01 09:56:00,52.624287,13.743741,0,aus
2026-06-01 09:57:00,52.624287,13.743741,0,aus
2026-06-01 09:58:00,52.624287,13.743741,0,aus
2026-06-01 09:59:00,52.624287,13.743741,0,aus
2026-06-01 10:00:00,52.624287,13.743741,0,aus
2026-06-01 10:01:00,52.624287,13.743741,0,aus
2026-06-01 10:02:00,52.624287,13.743741,0,aus
2026-06-01 10:03:00,52.624287,13.743741,0,aus
2026-06-01 10:04:00,52.624287,13.743741,0,aus
2026-06-01 10:05:00,52.624287,13.743741,0,aus
2026-06-01 10:06:00,52.624287,13.743741,0,aus
2026-06-01 10:07:00,52.624287,13.743741,0,aus
2026-06-01 10:08:00,52.624287,13.743741,0,aus
2026-06-01 10:09:00,52.624287,13.743741,0,aus
2026-06-01 10:10:00,52.624287,13.743741,0,aus
2026-06-01 10:11:00,52.624287,13.743741,0,aus
2026-06-01 10:12:00,52.624287,13.743741,0,aus
2026-06-01 10:13:00,52.624287,13.743741,0,aus
2026-06-01 10:14:00,52.624287,13.743741,0,aus
2026-06-01 10:15:00,52.624287,13.743741,0,aus
2026-06-01 10:16:00,52.624287,13.743741,0,aus
2026-06-01 10:17:00,52.624287,13.743741,0,aus
2026-06-01 10:18:00,52.624287,13.743741,0,aus
2026-06-01 10:19:00,52.624287,13.743741,0,aus
2026-06-01 10:20:00,52.624287,13.743741,0,aus
2026-06-01 10:21:00,52.624287,13.743741,0,aus
2026-06-01 10:22:00,52.624287,13.743741,0,aus
2026-06-01 10:23:00,52.624287,13.743741,0,aus
2026-06-01 10:24:00,52.624287,13.743741,0,aus
2026-06-01 10:25:00,52.624287,13.743741,0,aus
2026-06-01 10:26:00,52.624287,13.743741,0,aus
2026-06-01 10:27:00,52.624287,13.743741,0,aus
2026-06-01 10:28:00,52.624287,13.743741,0,aus
2026-06-01 10:29:00,52.624287,13.743741,0,aus
2026-06-01 10:30:00,52.624287,13.743741,0,aus
2026-06-01 10:31:00,52.624287,13.743741,0,aus
2026-06-01 10:32:00,52.624287,13.743741,0,aus
2026-06-01 10:33:00,52.624287,13.743741,0,aus
2026-06-01 10:34:00,52.624287,13.743741,0,aus
2026-06-01 10:35:00,52.624287,13.743741,0,aus
2026-06-01 10:36:00,52.624287,13.743741,0,aus
2026-06-01 10:37:00,52.624287,13.743741,0,aus
2026-06-01 10:38:00,52.624287,13.743741,0,aus
2026-06-01 10:39:00,52.624287,13.743741,0,aus
2026-06-01 10:40:00,52.624287,13.743741,0,aus
2026-06-01 10:41:00,52.624287,13.743741,0,aus
2026-06-01 10:42:00,52.624287,13.743741,0,aus
2026-06-01 10:43:00,52.624287,13.743741,0,aus
2026-06-01 10:44:00,52.624287,13.743741,0,aus
2026-06-01 10:45:00,52.624287,13.743741,0,aus
2026-06-01 10:46:00,52.624287,13.743741,0,aus
2026-06-01 10:47:00,52.624287,13.743741,0,aus
2026-06-01 10:48:00,52.624287,13.743741,0,aus
2026-06-01 10:49:00,52.624287,13.743741,0,aus
2026-06-01 10:50:00,52.624287,13.743741,0,aus
2026-06-01 10:51:00,52.624287,13.743741,0,aus
2026-06-01 10:52:00,52.624287,13.743741,0,aus
2026-06-01 10:53:00,52.624287,13.743741,0,aus
2026-06-01 10:54:00,52.624287,13.743741,0,aus
2026-06-01 10:55:00,52.624287,13.743741,0,aus
2026-06-01 10:56:00,52.624287,13.743741,0,aus
2026-06-01 10:57:00,52.624287,13.743741,0,aus
2026-06-01 10:58:00,52.624287,13.743741,0,aus
2026-06-01 10:59:00,52.624287,13.743741,0,aus
2026-06-01 11:00:00,52.624287,13.743741,0,aus
2026-06-01 11:01:00,52.624287,13.743741,0,aus
2026-06-01 11:02:00,52.624287,13.743741,0,aus
2026-06-01 11:03:00,52.624287,13.743741,0,aus
2026-06-01 11:04:00,52.624287,13.743741,0,aus
2026-06-01 11:05:00,52.624287,13.743741,0,aus
2026-06-01 11:06:00,52.624287,13.743741,0,aus
2026-06-01 11:07:00,52.624287,13.743741,0,aus
2026-06-01 11:08:00,52.624287,13.743741,0,aus
2026-06-01 11:09:00,52.624287,13.743741,0,aus
2026-06-01 11:10:00,52.624287,13.743741,0,aus
2026-06-01 11:11:00,52.624287,13.743741,0,aus
2026-06-01 11:12:00,52.624287,13.743741,0,aus
2026-06-01 11:13:00,52.624287,13.743741,0,aus
2026-06-01 11:14:00,52.624287,13.743741,0,aus
2026-06-01 11:15:00,52.624287,13.743741,0,aus
2026-06-01 11:16:00,52.624287,13.743741,0,aus
2026-06-01 11:17:00,52.624287,13.743741,0,aus
2026-06-01 11:18:00,52.624287,13.743741,0,aus
2026-06-01 11:19:00,52.624287,13.743741,0,aus
2026-06-01 11:20:00,52.624287,13.743741,0,aus
2026-06-01 11:21:00,52.624287,13.743741,0,aus
2026-06-01 11:22:00,52.624287,13.743741,0,aus
2026-06-01 11:23:00,52.624287,13.743741,0,aus
2026-06-01 11:24:00,52.624287,13.743741,0,aus
2026-06-01 11:25:00,52.624287,13.743741,0,aus
2026-06-01 11:26:00,52.624287,13.743741,0,aus
2026-06-01 11:27:00,52.624287,13.743741,0,aus
2026-06-01 11:28:00,52.624287,13.743741,0,aus
2026-06-01 11:29:00,52.624287,13.743741,0,aus
2026-06-01 11:30:00,52.624287,13.743741,0,aus
2026-06-01 11:31:00,52.624287,13.743741,0,aus
2026-06-01 11:32:00,52.624287,13.743741,0,aus
2026-06-01 11:33:00,52.624287,13.743741,0,aus
2026-06-01 11:34:00,52.624287,13.743741,0,aus
2026-06-01 11:35:00,52.624287,13.743741,0,aus
2026-06-01 11:36:00,52.624287,13.743741,0,aus
2026-06-01 11:37:00,52.624287,13.743741,0,aus
2026-06-01 11:38:00,52.624287,13.743741,0,aus
2026-06-01 11:39:00,52.624287,13.743741,0,aus
2026-06-01 11:40:00,52.624287,13.743741,0,aus
2026-06-01 11:41:00,52.624287,13.743741,0,aus
2026-06-01 11:42:00,52.624287,13.743741,0,aus
2026-06-01 11:43:00,52.624287,13.743741,0,aus
2026-06-01 11:44:00,52.624287,13.743741,0,aus
2026-06-01 11:45:00,52.624287,13.743741,0,aus
2026-06-01 11:46:00,52.624287,13.743741,0,aus
2026-06-01 11:47:00,52.624287,13.743741,0,aus
2026-06-01 11:48:00,52.624287,13.743741,0,aus
2026-06-01 11:49:00,52.624287,13.743741,0,aus
2026-06-01 11:50:00,52.624287,13.743741,0,aus
2026-06-01 11:51:00,52.624287,13.743741,0,aus
2026-06-01 11:52:00,52.624287,13.743741,0,aus
2026-06-01 11:53:00,52.624287,13.743741,0,aus
2026-06-01 11:54:00,52.624287,13.743741,0,aus
2026-06-01 11:55:00,52.624287,13.743741,0,aus
2026-06-01 11:56:00,52.624287,13.743741,0,aus
2026-06-01 11:57:00,52.624287,13.743741,0,aus
2026-06-01 11:58:00,52.624287,13.743741,0,aus
2026-06-01 11:59:00,52.624287,13.743741,0,aus
2026-06-01 12:00:00,52.624287,13.743741,0,aus
2026-06-01 12:01:00,52.624287,13.743741,0,aus
2026-06-01 12:02:00,52.624287,13.743741,0,aus
2026-06-01 12:03:00,52.624287,13.743741,0,aus
2026-06-01 12:04:00,52.624287,13.743741,0,aus
2026-06-01 12:05:00,52.624287,13.743741,0,aus
2026-06-01 12:06:00,52.624287,13.743741,0,aus
2026-06-01 12:07:00,52.624287,13.743741,0,aus
2026-06-01 12:08:00,52.624287,13.743741,0,aus
2026-06-01 12:09:00,52.624287,13.743741,0,aus
2026-06-01 12:10:00,52.624287,13.743741,0,aus
2026-06-01 12:11:00,52.624287,13.743741,0,aus
2026-06-01 12:12:00,52.624287,13.743741,0,aus
2026-06-01 12:13:00,52.624287,13.743741,0,aus
2026-06-01 12:14:00,52.624287,13.743741,0,aus
2026-06-01 12:15:00,52.624287,13.743741,0,aus
2026-06-01 12:16:00,52.624287,13.743741,0,aus
2026-06-01 12:17:00,52.624287,13.743741,0,aus
2026-06-01 12:18:00,52.624287,13.743741,0,aus
2026-06-01 12:19:00,52.624287,13.743741,0,aus
2026-06-01 12:20:00,52.624287,13.743741,0,aus
2026-06-01 12:21:00,52.624287,13.743741,0,aus
2026-06-01 12:22:00,52.624287,13.743741,0,aus
2026-06-01 12:23:00,52.624287,13.743741,0,aus
2026-06-01 12:24:00,52.624287,13.743741,0,aus
2026-06-01 12:25:00,52.624287,13.743741,0,aus
2026-06-01 12:26:00,52.624287,13.743741,0,aus
2026-06-01 12:27:00,52.624287,13.743741,0,aus
2026-06-01 12:28:00,52.624287,13.743741,0,aus
2026-06-01 12:29:00,52.624287,13.743741,0,aus
2026-06-01 12:30:00,52.624287,13.743741,0,aus
2026-06-01 12:31:00,52.624287,13.743741,0,aus
2026-06-01 12:32:00,52.624287,13.743741,0,aus
2026-06-01 12:33:00,52.624287,13.743741,0,aus
2026-06-01 12:34:00,52.624287,13.743741,0,aus
2026-06-01 12:35:00,52.624287,13.743741,0,aus
2026-06-01 12:36:00,52.624287,13.743741,0,aus
2026-06-01 12:37:00,52.624287,13.743741,0,aus
2026-06-01 12:38:00,52.624287,13.743741,0,aus
2026-06-01 12:39:00,52.624287,13.743741,0,aus
2026-06-01 12:40:00,52.624287,13.743741,0,aus
2026-06-01 12:41:00,52.624287,13.743741,0,aus
2026-06-01 12:42:00,52.624287,13.743741,0,aus
2026-06-01 12:43:00,52.624287,13.743741,0,aus
2026-06-01 12:44:00,52.624287,13.743741,0,aus
2026-06-01 12:45:00,52.624287,13.743741,0,aus
2026-06-01 12:46:00,52.624287,13.743741,0,aus
2026-06-01 12:47:00,52.624287,13.743741,0,aus
2026-06-01 12:48:00,52.624287,13.743741,0,aus
2026-06-01 12:49:00,52.624287,13.743741,0,aus
2026-06-01 12:50:00,52.624287,13.743741,0,aus
2026-06-01 12:51:00,52.624287,13.743741,0,aus
2026-06-01 12:52:00,52.624287,13.743741,0,aus
2026-06-01 12:53:00,52.624287,13.743741,0,aus
2026-06-01 12:54:00,52.624287,13.743741,0,aus
2026-06-01 12:55:00,52.624287,13.743741,0,aus
2026-06-01 12:56:00,52.624287,13.743741,0,aus
2026-06-01 12:57:00,52.624287,13.743741,0,aus
2026-06-01 12:58:00,52.624287,13.743741,0,aus
2026-06-01 12:59:00,52.624287,13.743741,0,aus
2026-06-01 13:00:00,52.624287,13.743741,0,aus
2026-06-01 13:01:00,52.624287,13.743741,0,aus
2026-06-01 13:02:00,52.624287,13.743741,0,aus
2026-06-01 13:03:00,52.624287,13.743741,0,aus
2026-06-01 13:04:00,52.624287,13.743741,0,aus
2026-06-01 13:05:00,52.624287,13.743741,0,aus
2026-06-01 13:06:00,52.624287,13.743741,0,aus
2026-06-01 13:07:00,52.624287,13.743741,0,aus
2026-06-01 13:08:00,52.624287,13.743741,0,aus
2026-06-01 13:09:00,52.624287,13.743741,0,aus
2026-06-01 13:10:00,52.624287,13.743741,0,aus
2026-06-01 13:11:00,52.624287,13.743741,0,aus
2026-06-01 13:12:00,52.624287,13.743741,0,aus
2026-06-01 13:13:00,52.624287,13.743741,0,aus
2026-06-01 13:14:00,52.624287,13.743741,0,aus
2026-06-01 13:15:00,52.624287,13.743741,0,aus
2026-06-01 13:16:00,52.624287,13.743741,0,aus
2026-06-01 13:17:00,52.624287,13.743741,0,aus
2026-06-01 13:18:00,52.624287,13.743741,0,aus
2026-06-01 13:19:00,52.624287,13.743741,0,aus
2026-06-01 13:20:00,52.624287,13.743741,0,aus
2026-06-01 13:21:00,52.624287,13.743741,0,aus
2026-06-01 13:22:00,52.624287,13.743741,0,aus
2026-06-01 13:23:00,52.624287,13.743741,0,aus
2026-06-01 13:24:00,52.624287,13.743741,0,aus
2026-06-01 13:25:00,52.624287,13.743741,0,aus
2026-06-01 13:26:00,52.624287,13.743741,0,aus
2026-06-01 13:27:00,52.624287,13.743741,0,aus
2026-06-01 13:28:00,52.624287,13.743741,0,aus
2026-06-01 13:29:00,52.624287,13.743741,0,aus
2026-06-01 13:30:00,52.624287,13.743741,0,aus
2026-06-01 13:31:00,52.624287,13.743741,0,aus
2026-06-01 13:32:00,52.624287,13.743741,0,aus
2026-06-01 13:33:00,52.624287,13.743741,0,aus
2026-06-01 13:34:00,52.624287,13.743741,0,aus
2026-06-01 13:35:00,52.624287,13.743741,0,aus
2026-06-01 13:36:00,52.624287,13.743741,0,aus
2026-06-01 13:37:00,52.624287,13.743741,0,aus
2026-06-01 13:38:00,52.624287,13.743741,0,aus
2026-06-01 13:39:00,52.624287,13.743741,0,aus
2026-06-01 13:40:00,52.624287,13.743741,0,aus
2026-06-01 13:41:00,52.624287,13.743741,0,aus
2026-06-01 13:42:00,52.624287,13.743741,0,aus
2026-06-01 13:43:00,52.624287,13.743741,0,aus
2026-06-01 13:44:00,52.624287,13.743741,0,aus
2026-06-01 13:45:00,52.624287,13.743741,0,aus
2026-06-01 13:46:00,52.624287,13.743741,0,aus
2026-06-01 13:47:00,52.624287,13.743741,0,aus
2026-06-01 13:48:00,52.624287,13.743741,0,aus
2026-06-01 13:49:00,52.624287,13.743741,0,aus
2026-06-01 13:50:00,52.624287,13.743741,0,aus
2026-06-01 13:51:00,52.624287,13.743741,0,aus
2026-06-01 13:52:00,52.624287,13.743741,0,aus
2026-06-01 13:53:00,52.624287,13.743741,0,aus
2026-06-01 13:54:00,52.624287,13.743741,0,aus
2026-06-01 13:55:00,52.624287,13.743741,0,aus
2026-06-01 13:56:00,52.624287,13.743741,0,aus
2026-06-01 13:57:00,52.624287,13.743741,0,aus
2026-06-01 13:58:00,52.624287,13.743741,0,aus
2026-06-01 13:59:00,52.624287,13.743741,0,aus
2026-06-01 14:00:00,52.624287,13.743741,0,aus
2026-06-01 14:01:00,52.624287,13.743741,0,aus
2026-06-01 14:02:00,52.624287,13.743741,0,aus
2026-06-01 14:03:00,52.624287,13.743741,0,aus
2026-06-01 14:04:00,52.624287,13.743741,0,aus
2026-06-01 14:05:00,52.624287,13.743741,0,aus
2026-06-01 14:06:00,52.624287,13.743741,0,aus
2026-06-01 14:07:00,52.624287,13.743741,0,aus
2026-06-01 14:08:00,52.624287,13.743741,0,aus
2026-06-01 14:09:00,52.624287,13.743741,0,aus
2026-06-01 14:10:00,52.624287,13.743741,0,aus
2026-06-01 14:11:00,52.624287,13.743741,0,aus
2026-06-01 14:12:00,52.624287,13.743741,0,aus
2026-06-01 14:13:00,52.624287,13.743741,0,aus
2026-06-01 14:14:00,52.624287,13.743741,0,aus
2026-06-01 14:15:00,52.624287,13.743741,0,aus
2026-06-01 14:16:00,52.624287,13.743741,0,aus
2026-06-01 14:17:00,52.624287,13.743741,0,aus
2026-06-01 14:18:00,52.624287,13.743741,0,aus
2026-06-01 14:19:00,52.624287,13.743741,0,aus
2026-06-01 14:20:00,52.624287,13.743741,0,aus
2026-06-01 14:21:00,52.624287,13.743741,0,aus
2026-06-01 14:22:00,52.624287,13.743741,0,aus
2026-06-01 14:23:00,52.624287,13.743741,0,aus
2026-06-01 14:24:00,52.624287,13.743741,0,aus
2026-06-01 14:25:00,52.624287,13.743741,0,aus
2026-06-01 14:26:00,52.624287,13.743741,0,aus
2026-06-01 14:27:00,52.624287,13.743741,0,aus
2026-06-01 14:28:00,52.624287,13.743741,0,aus
2026-06-01 14:29:00,52.624287,13.743741,0,aus
2026-06-01 14:30:00,52.624287,13.743741,0,aus
2026-06-01 14:31:00,52.624287,13.743741,0,aus
2026-06-01 14:32:00,52.624287,13.743741,0,aus
2026-06-01 14:33:00,52.624287,13.743741,0,aus
2026-06-01 14:34:00,52.624287,13.743741,0,aus
2026-06-01 14:35:00,52.624287,13.743741,0,aus
2026-06-01 14:36:00,52.624287,13.743741,0,aus
2026-06-01 14:37:00,52.624287,13.743741,0,aus
2026-06-01 14:38:00,52.624287,13.743741,0,aus
2026-06-01 14:39:00,52.624287,13.743741,0,aus
2026-06-01 14:40:00,52.624287,13.743741,0,aus
2026-06-01 14:41:00,52.624287,13.743741,0,aus
2026-06-01 14:42:00,52.624287,13.743741,0,aus
2026-06-01 14:43:00,52.624287,13.743741,0,aus
2026-06-01 14:44:00,52.624287,13.743741,0,aus
2026-06-01 14:45:00,52.624287,13.743741,0,aus
2026-06-01 14:46:00,52.624287,13.743741,0,aus
2026-06-01 14:47:00,52.624287,13.743741,0,aus
2026-06-01 14:48:00,52.624287,13.743741,0,aus
2026-06-01 14:49:00,52.624287,13.743741,0,aus
2026-06-01 14:50:00,52.624287,13.743741,0,aus
2026-06-01 14:51:00,52.624287,13.743741,0,aus
2026-06-01 14:52:00,52.624287,13.743741,0,aus
2026-06-01 14:53:00,52.624287,13.743741,0,aus
2026-06-01 14:54:00,52.624287,13.743741,0,aus
2026-06-01 14:55:00,52.624287,13.743741,0,aus
2026-06-01 14:56:00,52.624287,13.743741,0,aus
2026-06-01 14:57:00,52.624287,13.743741,0,aus
2026-06-01 14:58:00,52.624287,13.743741,0,aus
2026-06-01 14:59:00,52.624287,13.743741,0,aus
2026-06-01 15:00:00,52.624287,13.743741,0,aus
2026-06-01 15:01:00,52.624287,13.743741,0,aus
2026-06-01 15:02:00,52.624287,13.743741,0,aus
2026-06-01 15:03:00,52.624287,13.743741,0,aus
2026-06-01 15:04:00,52.624287,13.743741,0,aus
2026-06-01 15:05:00,52.624287,13.743741,0,aus
2026-06-01 15:06:00,52.624287,13.743741,0,aus
2026-06-01 15:07:00,52.624287,13.743741,0,aus
2026-06-01 15:08:00,52.624287,13.743741,0,aus
2026-06-01 15:09:00,52.624287,13.743741,0,aus
2026-06-01 15:10:00,52.624287,13.743741,0,aus
2026-06-01 15:11:00,52.624287,13.743741,0,aus
2026-06-01 15:12:00,52.624287,13.743741,0,aus
2026-06-01 15:13:00,52.624287,13.743741,0,aus
2026-06-01 15:14:00,52.624287,13.743741,0,aus
2026-06-01 15:15:00,52.624287,13.743741,0,aus
2026-06-01 15:16:00,52.624287,13.743741,0,aus
2026-06-01 15:17:00,52.624287,13.743741,0,aus
2026-06-01 15:18:00,52.624287,13.743741,0,aus
2026-06-01 15:19:00,52.624287,13.743741,0,aus
2026-06-01 15:20:00,52.624287,13.743741,0,aus
2026-06-01 15:21:00,52.624287,13.743741,0,aus
2026-06-01 15:22:00,52.624287,13.743741,0,aus
2026-06-01 15:23:00,52.624287,13.743741,0,aus
2026-06-01 15:24:00,52.624287,13.743741,0,aus
2026-06-01 15:25:00,52.624287,13.743741,0,aus
2026-06-01 15:26:00,52.624287,13.743741,0,aus
2026-06-01 15:27:00,52.624287,13.743741,0,aus
2026-06-01 15:28:00,52.624287,13.743741,0,aus
2026-06-01 15:29:00,52.624287,13.743741,0,aus
2026-06-01 15:30:00,52.624287,13.743741,0,aus
2026-06-01 15:31:00,52.624287,13.743741,0,aus
2026-06-01 15:32:00,52.624287,13.743741,0,aus
2026-06-01 15:33:00,52.624287,13.743741,0,aus
2026-06-01 15:34:00,52.624287,13.743741,0,aus
2026-06-01 15:35:00,52.624287,13.743741,0,aus
2026-06-01 15:36:00,52.624287,13.743741,0,aus
2026-06-01 15:37:00,52.624287,13.743741,0,aus
2026-06-01 15:38:00,52.624287,13.743741,0,aus
2026-06-01 15:39:00,52.624287,13.743741,0,aus
2026-06-01 15:40:00,52.624287,13.743741,0,aus
2026-06-01 15:41:00,52.624287,13.743741,0,aus
2026-06-01 15:42:00,52.624287,13.743741,0,aus
2026-06-01 15:43:00,52.624287,13.743741,0,aus
2026-06-01 15:44:00,52.624287,13.743741,0,aus
2026-06-01 15:45:00,52.624287,13.743741,0,aus
2026-06-01 15:46:00,52.624287,13.743741,0,aus
2026-06-01 15:47:00,52.624287,13.743741,0,aus
2026-06-01 15:48:00,52.624287,13.743741,0,aus
2026-06-01 15:49:00,52.624287,13.743741,0,aus
2026-06-01 15:50:00,52.624287,13.743741,0,aus
2026-06-01 15:51:00,52.624287,13.743741,0,aus
2026-06-01 15:52:00,52.624287,13.743741,0,aus
2026-06-01 15:53:00,52.624287,13.743741,0,aus
2026-06-01 15:54:00,52.624287,13.743741,0,aus
2026-06-01 15:55:00,52.624287,13.743741,0,aus
2026-06-01 15:56:00,52.624287,13.743741,0,aus
2026-06-01 15:57:00,52.624287,13.743741,0,aus
2026-06-01 15:58:00,52.624287,13.743741,0,aus
2026-06-01 15:59:00,52.624287,13.743741,0,aus
2026-06-01 16:00:00,52.624287,13.743741,0,aus
2026-06-01 16:01:00,52.624287,13.743741,0,aus
2026-06-01 16:02:00,52.624287,13.743741,0,aus
2026-06-01 16:03:00,52.624287,13.743741,0,aus
2026-06-01 16:04:00,52.624287,13.743741,0,aus
2026-06-01 16:05:00,52.624287,13.743741,0,aus
2026-06-01 16:06:00,52.624287,13.743741,0,aus
2026-06-01 16:07:00,52.624287,13.743741,0,aus
2026-06-01 16:08:00,52.624287,13.743741,0,aus
2026-06-01 16:09:00,52.624287,13.743741,0,aus
2026-06-01 16:09:20,52.623442,13.740757,40,an
2026-06-01 16:09:40,52.622598,13.737774,40,an
2026-06-01 16:10:00,52.621753,13.734790,40,an
2026-06-01 16:10:20,52.620908,13.731807,40,an
2026-06-01 16:10:40,52.620064,13.728823,40,an
2026-06-01 16:11:00,52.619219,13.725840,40,an
2026-06-01 16:11:20,52.618375,13.722857,40,an
2026-06-01 16:11:40,52.617530,13.719873,40,an
2026-06-01 16:12:00,52.616685,13.716890,40,an
2026-06-01 16:12:20,52.615841,13.713907,40,an
2026-06-01 16:12:40,52.614996,13.710924,40,an
2026-06-01 16:13:00,52.614151,13.707941,40,an
2026-06-01 16:13:20,52.613307,13.704958,40,an
2026-06-01 16:13:40,52.612462,13.701975,40,an
2026-06-01 16:14:00,52.611617,13.698992,40,an
2026-06-01 16:14:20,52.610773,13.696009,40,an
2026-06-01 16:14:40,52.609928,13.693026,40,an
2026-06-01 16:15:00,52.609083,13.690044,40,an
2026-06-01 16:16:00,52.609083,13.690044,0,aus
2026-06-01 16:17:00,52.609083,13.690044,0,aus
2026-06-01 16:18:00,52.609083,13.690044,0,aus
2026-06-01 16:19:00,52.609083,13.690044,0,aus
2026-06-01 16:20:00,52.609083,13.690044,0,aus
2026-06-01 16:20:20,52.607922,13.685942,55,an
2026-06-01 16:20:40,52.606761,13.681841,55,an
2026-06-01 16:21:00,52.605599,13.677741,55,an
2026-06-01 16:21:20,52.604438,13.673640,55,an
2026-06-01 16:21:40,52.603277,13.669539,55,an
2026-06-01 16:22:00,52.602115,13.665439,55,an
2026-06-01 16:22:20,52.600954,13.661338,55,an
2026-06-01 16:22:40,52.599792,13.657238,55,an
2026-06-01 16:23:00,52.639380,13.621821,55,an
2026-06-01 16:23:20,52.638219,13.617717,55,an
2026-06-01 16:23:40,52.637057,13.613614,55,an
2026-06-01 16:24:00,52.635896,13.609510,55,an
2026-06-01 16:24:20,52.634734,13.605406,55,an
2026-06-01 16:24:40,52.633573,13.601303,55,an
2026-06-01 16:25:00,52.632412,13.597199,55,an
2026-06-01 16:25:20,52.631250,13.593096,55,an
2026-06-01 16:25:40,52.630089,13.588993,55,an
2026-06-01 16:26:00,52.628927,13.584890,55,an
2026-06-01 16:26:20,52.627766,13.580787,55,an
2026-06-01 16:26:40,52.626605,13.576684,55,an
2026-06-01 16:27:00,52.625443,13.572581,55,an
2026-06-01 16:27:20,52.624282,13.568479,55,an
2026-06-01 16:27:40,52.623120,13.564376,55,an
2026-06-01 16:28:00,52.621959,13.560274,55,an
2026-06-01 16:28:20,52.620798,13.556171,55,an
2026-06-01 16:28:40,52.619636,13.552069,55,an
2026-06-01 16:29:00,52.618475,13.547967,55,an
2026-06-01 16:29:20,52.617313,13.543865,55,an
2026-06-01 16:29:40,52.616152,13.539763,55,an
2026-06-01 16:30:00,52.614991,13.535661,55,an
2026-06-01 16:31:00,52.614991,13.535661,0,aus
2026-06-01 16:32:00,52.614991,13.535661,0,aus
2026-06-01 16:33:00,52.614991,13.535661,0,aus
2026-06-01 16:34:00,52.614991,13.535661,0,aus
2026-06-01 16:35:00,52.614991,13.535661,0,aus
2026-06-01 16:36:00,52.614991,13.535661,0,aus
2026-06-01 16:37:00,52.614991,13.535661,0,aus
2026-06-01 16:38:00,52.614991,13.535661,0,aus
2026-06-01 16:39:00,52.614991,13.535661,0,aus
2026-06-01 16:40:00,52.614991,13.535661,0,aus
2026-06-01 16:41:00,52.614991,13.535661,0,aus
2026-06-01 16:42:00,52.614991,13.535661,0,aus
2026-06-01 16:43:00,52.614991,13.535661,0,aus
2026-06-01 16:44:00,52.614991,13.535661,0,aus
2026-06-01 16:45:00,52.614991,13.535661,0,aus
2026-06-01 16:46:00,52.614991,13.535661,0,aus
2026-06-01 16:47:00,52.614991,13.535661,0,aus
2026-06-01 16:48:00,52.614991,13.535661,0,aus
2026-06-01 16:49:00,52.614991,13.535661,0,aus
2026-06-01 16:50:00,52.614991,13.535661,0,aus
2026-06-01 16:51:00,52.614991,13.535661,0,aus
2026-06-01 16:52:00,52.614991,13.535661,0,aus
2026-06-01 16:53:00,52.614991,13.535661,0,aus
2026-06-01 16:54:00,52.614991,13.535661,0,aus
2026-06-01 16:55:00,52.614991,13.535661,0,aus
2026-06-01 16:56:00,52.614991,13.535661,0,aus
2026-06-01 16:57:00,52.614991,13.535661,0,aus
2026-06-01 16:58:00,52.614991,13.535661,0,aus
2026-06-01 16:59:00,52.614991,13.535661,0,aus
2026-06-01 17:00:00,52.614991,13.535661,0,aus
2026-06-01 17:01:00,52.614991,13.535661,0,aus
2026-06-01 17:02:00,52.614991,13.535661,0,aus
2026-06-01 17:03:00,52.614991,13.535661,0,aus
2026-06-01 17:04:00,52.614991,13.535661,0,aus
2026-06-01 17:05:00,52.614991,13.535661,0,aus
2026-06-01 17:06:00,52.614991,13.535661,0,aus
2026-06-01 17:07:00,52.614991,13.535661,0,aus
2026-06-01 17:08:00,52.614991,13.535661,0,aus
2026-06-01 17:09:00,52.614991,13.535661,0,aus
2026-06-01 17:10:00,52.614991,13.535661,0,aus
2026-06-01 17:11:00,52.614991,13.535661,0,aus
2026-06-01 17:12:00,52.614991,13.535661,0,aus
2026-06-01 17:13:00,52.614991,13.535661,0,aus
2026-06-01 17:14:00,52.614991,13.535661,0,aus
2026-06-01 17:15:00,52.614991,13.535661,0,aus
2026-06-01 17:16:00,52.614991,13.535661,0,aus
2026-06-01 17:17:00,52.614991,13.535661,0,aus
2026-06-01 17:18:00,52.614991,13.535661,0,aus
2026-06-01 17:19:00,52.614991,13.535661,0,aus
2026-06-01 17:20:00,52.614991,13.535661,0,aus
2026-06-01 17:21:00,52.614991,13.535661,0,aus
2026-06-01 17:22:00,52.614991,13.535661,0,aus
2026-06-01 17:23:00,52.614991,13.535661,0,aus
2026-06-01 17:24:00,52.614991,13.535661,0,aus
2026-06-01 17:25:00,52.614991,13.535661,0,aus
2026-06-01 17:26:00,52.614991,13.535661,0,aus
2026-06-01 17:27:00,52.614991,13.535661,0,aus
2026-06-01 17:28:00,52.614991,13.535661,0,aus
2026-06-01 17:29:00,52.614991,13.535661,0,aus
2026-06-01 17:30:00,52.614991,13.535661,0,aus
2026-06-01 17:31:00,52.614991,13.535661,0,aus
2026-06-01 17:32:00,52.614991,13.535661,0,aus
2026-06-01 17:33:00,52.614991,13.535661,0,aus
2026-06-01 17:34:00,52.614991,13.535661,0,aus
2026-06-01 17:35:00,52.614991,13.535661,0,aus
2026-06-01 17:36:00,52.614991,13.535661,0,aus
2026-06-01 17:37:00,52.614991,13.535661,0,aus
2026-06-01 17:38:00,52.614991,13.535661,0,aus
2026-06-01 17:39:00,52.614991,13.535661,0,aus
2026-06-01 17:40:00,52.614991,13.535661,0,aus
2026-06-01 17:41:00,52.614991,13.535661,0,aus
2026-06-01 17:42:00,52.614991,13.535661,0,aus
2026-06-01 17:43:00,52.614991,13.535661,0,aus
2026-06-01 17:44:00,52.614991,13.535661,0,aus
2026-06-01 17:45:00,52.614991,13.535661,0,aus
2026-06-01 17:46:00,52.614991,13.535661,0,aus
2026-06-01 17:47:00,52.614991,13.535661,0,aus
2026-06-01 17:48:00,52.614991,13.535661,0,aus
2026-06-01 17:49:00,52.614991,13.535661,0,aus
2026-06-01 17:50:00,52.614991,13.535661,0,aus
2026-06-01 17:51:00,52.614991,13.535661,0,aus
2026-06-01 17:52:00,52.614991,13.535661,0,aus
2026-06-01 17:53:00,52.614991,13.535661,0,aus
2026-06-01 17:54:00,52.614991,13.535661,0,aus
2026-06-01 17:55:00,52.614991,13.535661,0,aus
2026-06-01 17:56:00,52.614991,13.535661,0,aus
2026-06-01 17:57:00,52.614991,13.535661,0,aus
2026-06-01 17:58:00,52.614991,13.535661,0,aus
2026-06-01 17:59:00,52.614991,13.535661,0,aus
2026-06-01 18:00:00,52.614991,13.535661,0,aus
2026-06-01 18:01:00,52.614991,13.535661,0,aus
2026-06-01 18:02:00,52.614991,13.535661,0,aus
2026-06-01 18:03:00,52.614991,13.535661,0,aus
2026-06-01 18:04:00,52.614991,13.535661,0,aus
2026-06-01 18:05:00,52.614991,13.535661,0,aus
2026-06-01 18:06:00,52.614991,13.535661,0,aus
2026-06-01 18:07:00,52.614991,13.535661,0,aus
2026-06-01 18:08:00,52.614991,13.535661,0,aus
2026-06-01 18:09:00,52.614991,13.535661,0,aus
2026-06-01 18:10:00,52.614991,13.535661,0,aus
2026-06-01 18:11:00,52.614991,13.535661,0,aus
2026-06-01 18:12:00,52.614991,13.535661,0,aus
2026-06-01 18:13:00,52.614991,13.535661,0,aus
2026-06-01 18:14:00,52.614991,13.535661,0,aus
2026-06-01 18:15:00,52.614991,13.535661,0,aus
2026-06-01 18:16:00,52.614991,13.535661,0,aus
2026-06-01 18:17:00,52.614991,13.535661,0,aus
2026-06-01 18:18:00,52.614991,13.535661,0,aus
2026-06-01 18:19:00,52.614991,13.535661,0,aus
2026-06-01 18:20:00,52.614991,13.535661,0,aus
2026-06-01 18:21:00,52.614991,13.535661,0,aus
2026-06-01 18:22:00,52.614991,13.535661,0,aus
2026-06-01 18:23:00,52.614991,13.535661,0,aus
2026-06-01 18:24:00,52.614991,13.535661,0,aus
2026-06-01 18:25:00,52.614991,13.535661,0,aus
2026-06-01 18:26:00,52.614991,13.535661,0,aus
2026-06-01 18:27:00,52.614991,13.535661,0,aus
2026-06-01 18:28:00,52.614991,13.535661,0,aus
2026-06-01 18:29:00,52.614991,13.535661,0,aus
2026-06-01 18:30:00,52.614991,13.535661,0,aus
2026-06-01 18:31:00,52.614991,13.535661,0,aus
2026-06-01 18:32:00,52.614991,13.535661,0,aus
2026-06-01 18:33:00,52.614991,13.535661,0,aus
2026-06-01 18:34:00,52.614991,13.535661,0,aus
2026-06-01 18:35:00,52.614991,13.535661,0,aus
2026-06-01 18:36:00,52.614991,13.535661,0,aus
2026-06-01 18:37:00,52.614991,13.535661,0,aus
2026-06-01 18:38:00,52.614991,13.535661,0,aus
2026-06-01 18:39:00,52.614991,13.535661,0,aus
2026-06-01 18:40:00,52.614991,13.535661,0,aus
2026-06-01 18:41:00,52.614991,13.535661,0,aus
2026-06-01 18:42:00,52.614991,13.535661,0,aus
2026-06-01 18:43:00,52.614991,13.535661,0,aus
2026-06-01 18:44:00,52.614991,13.535661,0,aus
2026-06-01 18:45:00,52.614991,13.535661,0,aus
2026-06-01 18:46:00,52.614991,13.535661,0,aus
2026-06-01 18:47:00,52.614991,13.535661,0,aus
2026-06-01 18:48:00,52.614991,13.535661,0,aus
2026-06-01 18:49:00,52.614991,13.535661,0,aus
2026-06-01 18:50:00,52.614991,13.535661,0,aus
2026-06-01 18:51:00,52.614991,13.535661,0,aus
2026-06-01 18:52:00,52.614991,13.535661,0,aus
2026-06-01 18:53:00,52.614991,13.535661,0,aus
2026-06-01 18:54:00,52.614991,13.535661,0,aus
2026-06-01 18:55:00,52.614991,13.535661,0,aus
2026-06-01 18:56:00,52.614991,13.535661,0,aus
2026-06-01 18:57:00,52.614991,13.535661,0,aus
2026-06-01 18:58:00,52.614991,13.535661,0,aus
2026-06-01 18:59:00,52.614991,13.535661,0,aus
2026-06-01 19:00:00,52.614991,13.535661,0,aus
2026-06-01 19:01:00,52.614991,13.535661,0,aus
2026-06-01 19:02:00,52.614991,13.535661,0,aus
2026-06-01 19:03:00,52.614991,13.535661,0,aus
2026-06-01 19:04:00,52.614991,13.535661,0,aus
2026-06-01 19:05:00,52.614991,13.535661,0,aus
2026-06-01 19:06:00,52.614991,13.535661,0,aus
2026-06-01 19:07:00,52.614991,13.535661,0,aus
2026-06-01 19:08:00,52.614991,13.535661,0,aus
2026-06-01 19:09:00,52.614991,13.535661,0,aus
2026-06-01 19:10:00,52.614991,13.535661,0,aus
2026-06-01 19:11:00,52.614991,13.535661,0,aus
2026-06-01 19:12:00,52.614991,13.535661,0,aus
2026-06-01 19:13:00,52.614991,13.535661,0,aus
2026-06-01 19:14:00,52.614991,13.535661,0,aus
2026-06-01 19:15:00,52.614991,13.535661,0,aus
2026-06-01 19:16:00,52.614991,13.535661,0,aus
2026-06-01 19:17:00,52.614991,13.535661,0,aus
2026-06-01 19:18:00,52.614991,13.535661,0,aus
2026-06-01 19:19:00,52.614991,13.535661,0,aus
2026-06-01 19:20:00,52.614991,13.535661,0,aus
2026-06-01 19:21:00,52.614991,13.535661,0,aus
2026-06-01 19:22:00,52.614991,13.535661,0,aus
2026-06-01 19:23:00,52.614991,13.535661,0,aus
2026-06-01 19:24:00,52.614991,13.535661,0,aus
2026-06-01 19:25:00,52.614991,13.535661,0,aus
2026-06-01 19:26:00,52.614991,13.535661,0,aus
2026-06-01 19:27:00,52.614991,13.535661,0,aus
2026-06-01 19:28:00,52.614991,13.535661,0,aus
2026-06-01 19:29:00,52.614991,13.535661,0,aus
2026-06-01 19:30:00,52.614991,13.535661,0,aus
2026-06-01 19:31:00,52.614991,13.535661,0,aus
2026-06-01 19:32:00,52.614991,13.535661,0,aus
2026-06-01 19:33:00,52.614991,13.535661,0,aus
2026-06-01 19:34:00,52.614991,13.535661,0,aus
2026-06-01 19:35:00,52.614991,13.535661,0,aus
2026-06-01 19:36:00,52.614991,13.535661,0,aus
2026-06-01 19:37:00,52.614991,13.535661,0,aus
2026-06-01 19:38:00,52.614991,13.535661,0,aus
2026-06-01 19:39:00,52.614991,13.535661,0,aus
2026-06-01 19:40:00,52.614991,13.535661,0,aus
2026-06-01 19:41:00,52.614991,13.535661,0,aus
2026-06-01 19:42:00,52.614991,13.535661,0,aus
2026-06-01 19:43:00,52.614991,13.535661,0,aus
2026-06-01 19:44:00,52.614991,13.535661,0,aus
2026-06-01 19:45:00,52.614991,13.535661,0,aus
2026-06-01 19:46:00,52.614991,13.535661,0,aus
2026-06-01 19:47:00,52.614991,13.535661,0,aus
2026-06-01 19:48:00,52.614991,13.535661,0,aus
2026-06-01 19:49:00,52.614991,13.535661,0,aus
2026-06-01 19:50:00,52.614991,13.535661,0,aus
2026-06-01 19:51:00,52.614991,13.535661,0,aus
2026-06-01 19:52:00,52.614991,13.535661,0,aus
2026-06-01 19:53:00,52.614991,13.535661,0,aus
2026-06-01 19:54:00,52.614991,13.535661,0,aus
2026-06-01 19:55:00,52.614991,13.535661,0,aus
2026-06-01 19:56:00,52.614991,13.535661,0,aus
2026-06-01 19:57:00,52.614991,13.535661,0,aus
2026-06-01 19:58:00,52.614991,13.535661,0,aus
2026-06-01 19:59:00,52.614991,13.535661,0,aus
2026-06-01 20:00:00,52.614991,13.535661,0,aus
2026-06-01 20:01:00,52.614991,13.535661,0,aus
2026-06-01 20:02:00,52.614991,13.535661,0,aus
2026-06-01 20:03:00,52.614991,13.535661,0,aus
2026-06-01 20:04:00,52.614991,13.535661,0,aus
2026-06-01 20:05:00,52.614991,13.535661,0,aus
2026-06-01 20:06:00,52.614991,13.535661,0,aus
2026-06-01 20:07:00,52.614991,13.535661,0,aus
2026-06-01 20:08:00,52.614991,13.535661,0,aus
2026-06-01 20:09:00,52.614991,13.535661,0,aus
2026-06-01 20:10:00,52.614991,13.535661,0,aus
2026-06-01 20:11:00,52.614991,13.535661,0,aus
2026-06-01 20:12:00,52.614991,13.535661,0,aus
2026-06-01 20:13:00,52.614991,13.535661,0,aus
2026-06-01 20:14:00,52.614991,13.535661,0,aus
2026-06-01 20:15:00,52.614991,13.535661,0,aus
2026-06-01 20:16:00,52.614991,13.535661,0,aus
2026-06-01 20:17:00,52.614991,13.535661,0,aus
2026-06-01 20:18:00,52.614991,13.535661,0,aus
2026-06-01 20:19:00,52.614991,13.535661,0,aus
2026-06-01 20:20:00,52.614991,13.535661,0,aus
2026-06-01 20:21:00,52.614991,13.535661,0,aus
2026-06-01 20:22:00,52.614991,13.535661,0,aus
2026-06-01 20:23:00,52.614991,13.535661,0,aus
2026-06-01 20:24:00,52.614991,13.535661,0,aus
2026-06-01 20:25:00,52.614991,13.535661,0,aus
2026-06-01 20:26:00,52.614991,13.535661,0,aus
2026-06-01 20:27:00,52.614991,13.535661,0,aus
2026-06-01 20:28:00,52.614991,13.535661,0,aus
2026-06-01 20:29:00,52.614991,13.535661,0,aus
2026-06-01 20:30:00,52.614991,13.535661,0,aus
2026-06-01 20:31:00,52.614991,13.535661,0,aus
2026-06-01 20:32:00,52.614991,13.535661,0,aus
2026-06-01 20:33:00,52.614991,13.535661,0,aus
2026-06-01 20:34:00,52.614991,13.535661,0,aus
2026-06-01 20:35:00,52.614991,13.535661,0,aus
2026-06-01 20:36:00,52.614991,13.535661,0,aus
2026-06-01 20:37:00,52.614991,13.535661,0,aus
2026-06-01 20:38:00,52.614991,13.535661,0,aus
2026-06-01 20:39:00,52.614991,13.535661,0,aus
2026-06-01 20:40:00,52.614991,13.535661,0,aus
2026-06-01 20:41:00,52.614991,13.535661,0,aus
2026-06-01 20:42:00,52.614991,13.535661,0,aus
2026-06-01 20:43:00,52.614991,13.535661,0,aus
2026-06-01 20:44:00,52.614991,13.535661,0,aus
2026-06-01 20:45:00,52.614991,13.535661,0,aus
2026-06-01 20:46:00,52.614991,13.535661,0,aus
2026-06-01 20:47:00,52.614991,13.535661,0,aus
2026-06-01 20:48:00,52.614991,13.535661,0,aus
2026-06-01 20:49:00,52.614991,13.535661,0,aus
2026-06-01 20:50:00,52.614991,13.535661,0,aus
2026-06-01 20:51:00,52.614991,13.535661,0,aus
2026-06-01 20:52:00,52.614991,13.535661,0,aus
2026-06-01 20:53:00,52.614991,13.535661,0,aus
2026-06-01 20:54:00,52.614991,13.535661,0,aus
2026-06-01 20:55:00,52.614991,13.535661,0,aus
2026-06-01 20:56:00,52.614991,13.535661,0,aus
2026-06-01 20:57:00,52.614991,13.535661,0,aus
2026-06-01 20:58:00,52.614991,13.535661,0,aus
2026-06-01 20:59:00,52.614991,13.535661,0,aus
2026-06-01 21:00:00,52.614991,13.535661,0,aus
2026-06-01 21:01:00,52.614991,13.535661,0,aus
2026-06-01 21:02:00,52.614991,13.535661,0,aus
2026-06-01 21:03:00,52.614991,13.535661,0,aus
2026-06-01 21:04:00,52.614991,13.535661,0,aus
2026-06-01 21:05:00,52.614991,13.535661,0,aus
2026-06-01 21:06:00,52.614991,13.535661,0,aus
2026-06-01 21:07:00,52.614991,13.535661,0,aus
2026-06-01 21:08:00,52.614991,13.535661,0,aus
2026-06-01 21:09:00,52.614991,13.535661,0,aus
2026-06-01 21:10:00,52.614991,13.535661,0,aus
2026-06-01 21:11:00,52.614991,13.535661,0,aus
2026-06-01 21:12:00,52.614991,13.535661,0,aus
2026-06-01 21:13:00,52.614991,13.535661,0,aus
2026-06-01 21:14:00,52.614991,13.535661,0,aus
2026-06-01 21:15:00,52.614991,13.535661,0,aus
2026-06-01 21:16:00,52.614991,13.535661,0,aus
2026-06-01 21:17:00,52.614991,13.535661,0,aus
2026-06-01 21:18:00,52.614991,13.535661,0,aus
2026-06-01 21:19:00,52.614991,13.535661,0,aus
2026-06-01 21:20:00,52.614991,13.535661,0,aus
2026-06-01 21:21:00,52.614991,13.535661,0,aus
2026-06-01 21:22:00,52.614991,13.535661,0,aus
2026-06-01 21:23:00,52.614991,13.535661,0,aus
2026-06-01 21:24:00,52.614991,13.535661,0,aus
2026-06-01 21:25:00,52.614991,13.535661,0,aus
2026-06-01 21:26:00,52.614991,13.535661,0,aus
2026-06-01 21:27:00,52.614991,13.535661,0,aus
2026-06-01 21:28:00,52.614991,13.535661,0,aus
2026-06-01 21:29:00,52.614991,13.535661,0,aus
2026-06-01 21:30:00,52.614991,13.535661,0,aus
2026-06-01 21:31:00,52.614991,13.535661,0,aus
2026-06-01 21:32:00,52.614991,13.535661,0,aus
2026-06-01 21:33:00,52.614991,13.535661,0,aus
2026-06-01 21:34:00,52.614991,13.535661,0,aus
2026-06-01 21:35:00,52.614991,13.535661,0,aus
2026-06-01 21:36:00,52.614991,13.535661,0,aus
2026-06-01 21:37:00,52.614991,13.535661,0,aus
2026-06-01 21:38:00,52.614991,13.535661,0,aus
2026-06-01 21:39:00,52.614991,13.535661,0,aus
2026-06-01 21:40:00,52.614991,13.535661,0,aus
2026-06-01 21:41:00,52.614991,13.535661,0,aus
2026-06-01 21:42:00,52.614991,13.535661,0,aus
2026-06-01 21:43:00,52.614991,13.535661,0,aus
2026-06-01 21:44:00,52.614991,13.535661,0,aus
2026-06-01 21:45:00,52.614991,13.535661,0,aus
2026-06-01 21:46:00,52.614991,13.535661,0,aus
2026-06-01 21:47:00,52.614991,13.535661,0,aus
2026-06-01 21:48:00,52.614991,13.535661,0,aus
2026-06-01 21:49:00,52.614991,13.535661,0,aus
2026-06-01 21:50:00,52.614991,13.535661,0,aus
2026-06-01 21:51:00,52.614991,13.535661,0,aus
2026-06-01 21:52:00,52.614991,13.535661,0,aus
2026-06-01 21:53:00,52.614991,13.535661,0,aus
2026-06-01 21:54:00,52.614991,13.535661,0,aus
2026-06-01 21:55:00,52.614991,13.535661,0,aus
2026-06-01 21:56:00,52.614991,13.535661,0,aus
2026-06-01 21:57:00,52.614991,13.535661,0,aus
2026-06-01 21:58:00,52.614991,13.535661,0,aus
2026-06-01 21:59:00,52.614991,13.535661,0,aus
2026-06-01 22:00:00,52.614991,13.535661,0,aus
2026-06-01 22:01:00,52.614991,13.535661,0,aus
2026-06-01 22:02:00,52.614991,13.535661,0,aus
2026-06-01 22:03:00,52.614991,13.535661,0,aus
2026-06-01 22:04:00,52.614991,13.535661,0,aus
2026-06-01 22:05:00,52.614991,13.535661,0,aus
2026-06-01 22:06:00,52.614991,13.535661,0,aus
2026-06-01 22:07:00,52.614991,13.535661,0,aus
2026-06-01 22:08:00,52.614991,13.535661,0,aus
2026-06-01 22:09:00,52.614991,13.535661,0,aus
2026-06-01 22:10:00,52.614991,13.535661,0,aus
2026-06-01 22:11:00,52.614991,13.535661,0,aus
2026-06-01 22:12:00,52.614991,13.535661,0,aus
2026-06-01 22:13:00,52.614991,13.535661,0,aus
2026-06-01 22:14:00,52.614991,13.535661,0,aus
2026-06-01 22:15:00,52.614991,13.535661,0,aus
2026-06-01 22:16:00,52.614991,13.535661,0,aus
2026-06-01 22:17:00,52.614991,13.535661,0,aus
2026-06-01 22:18:00,52.614991,13.535661,0,aus
2026-06-01 22:19:00,52.614991,13.535661,0,aus
2026-06-01 22:20:00,52.614991,13.535661,0,aus
2026-06-01 22:21:00,52.614991,13.535661,0,aus
2026-06-01 22:22:00,52.614991,13.535661,0,aus
2026-06-01 22:23:00,52.614991,13.535661,0,aus
2026-06-01 22:24:00,52.614991,13.535661,0,aus
2026-06-01 22:25:00,52.614991,13.535661,0,aus
2026-06-01 22:26:00,52.614991,13.535661,0,aus
2026-06-01 22:27:00,52.614991,13.535661,0,aus
2026-06-01 22:28:00,52.614991,13.535661,0,aus
2026-06-01 22:29:00,52.614991,13.535661,0,aus
2026-06-01 22:30:00,52.614991,13.535661,0,aus
2026-06-01 22:31:00,52.614991,13.535661,0,aus
2026-06-01 22:32:00,52.614991,13.535661,0,aus
2026-06-01 22:33:00,52.614991,13.535661,0,aus
2026-06-01 22:34:00,52.614991,13.535661,0,aus
2026-06-01 22:35:00,52.614991,13.535661,0,aus
2026-06-01 22:36:00,52.614991,13.535661,0,aus
2026-06-01 22:37:00,52.614991,13.535661,0,aus
2026-06-01 22:38:00,52.614991,13.535661,0,aus
2026-06-01 22:39:00,52.614991,13.535661,0,aus
2026-06-01 22:40:00,52.614991,13.535661,0,aus
2026-06-01 22:41:00,52.614991,13.535661,0,aus
2026-06-01 22:42:00,52.614991,13.535661,0,aus
2026-06-01 22:43:00,52.614991,13.535661,0,aus
2026-06-01 22:44:00,52.614991,13.535661,0,aus
2026-06-01 22:45:00,52.614991,13.535661,0,aus
2026-06-01 22:46:00,52.614991,13.535661,0,aus
2026-06-01 22:47:00,52.614991,13.535661,0,aus
2026-06-01 22:48:00,52.614991,13.535661,0,aus
2026-06-01 22:49:00,52.614991,13.535661,0,aus
2026-06-01 22:50:00,52.614991,13.535661,0,aus
2026-06-01 22:51:00,52.614991,13.535661,0,aus
2026-06-01 22:52:00,52.614991,13.535661,0,aus
2026-06-01 22:53:00,52.614991,13.535661,0,aus
2026-06-01 22:54:00,52.614991,13.535661,0,aus
2026-06-01 22:55:00,52.614991,13.535661,0,aus
2026-06-01 22:56:00,52.614991,13.535661,0,aus
2026-06-01 22:57:00,52.614991,13.535661,0,aus
2026-06-01 22:58:00,52.614991,13.535661,0,aus
2026-06-01 22:59:00,52.614991,13.535661,0,aus
2026-06-01 23:00:00,52.614991,13.535661,0,aus
2026-06-01 23:01:00,52.614991,13.535661,0,aus
2026-06-01 23:02:00,52.614991,13.535661,0,aus
2026-06-01 23:03:00,52.614991,13.535661,0,aus
2026-06-01 23:04:00,52.614991,13.535661,0,aus
2026-06-01 23:05:00,52.614991,13.535661,0,aus
2026-06-01 23:06:00,52.614991,13.535661,0,aus
2026-06-01 23:07:00,52.614991,13.535661,0,aus
2026-06-01 23:08:00,52.614991,13.535661,0,aus
2026-06-01 23:09:00,52.614991,13.535661,0,aus
2026-06-01 23:10:00,52.614991,13.535661,0,aus
2026-06-01 23:11:00,52.614991,13.535661,0,aus
2026-06-01 23:12:00,52.614991,13.535661,0,aus
2026-06-01 23:13:00,52.614991,13.535661,0,aus
2026-06-01 23:14:00,52.614991,13.535661,0,aus
2026-06-01 23:15:00,52.614991,13.535661,0,aus
2026-06-01 23:16:00,52.614991,13.535661,0,aus
2026-06-01 23:17:00,52.614991,13.535661,0,aus
2026-06-01 23:18:00,52.614991,13.535661,0,aus
2026-06-01 23:19:00,52.614991,13.535661,0,aus
2026-06-01 23:20:00,52.614991,13.535661,0,aus
2026-06-01 23:21:00,52.614991,13.535661,0,aus
2026-06-01 23:22:00,52.614991,13.535661,0,aus
2026-06-01 23:23:00,52.614991,13.535661,0,aus
2026-06-01 23:24:00,52.614991,13.535661,0,aus
2026-06-01 23:25:00,52.614991,13.535661,0,aus
2026-06-01 23:26:00,52.614991,13.535661,0,aus
2026-06-01 23:27:00,52.614991,13.535661,0,aus
2026-06-01 23:28:00,52.614991,13.535661,0,aus
2026-06-01 23:29:00,52.614991,13.535661,0,aus
2026-06-01 23:30:00,52.614991,13.535661,0,aus
2026-06-01 23:31:00,52.614991,13.535661,0,aus
2026-06-01 23:32:00,52.614991,13.535661,0,aus
2026-06-01 23:33:00,52.614991,13.535661,0,aus
2026-06-01 23:34:00,52.614991,13.535661,0,aus
2026-06-01 23:35:00,52.614991,13.535661,0,aus
2026-06-01 23:36:00,52.614991,13.535661,0,aus
2026-06-01 23:37:00,52.614991,13.535661,0,aus
2026-06-01 23:38:00,52.614991,13.535661,0,aus
2026-06-01 23:39:00,52.614991,13.535661,0,aus
2026-06-01 23:40:00,52.614991,13.535661,0,aus
2026-06-01 23:41:00,52.614991,13.535661,0,aus
2026-06-01 23:42:00,52.614991,13.535661,0,aus
2026-06-01 23:43:00,52.614991,13.535661,0,aus
2026-06-01 23:44:00,52.614991,13.535661,0,aus
2026-06-01 23:45:00,52.614991,13.535661,0,aus
2026-06-01 23:46:00,52.614991,13.535661,0,aus
2026-06-01 23:47:00,52.614991,13.535661,0,aus
2026-06-01 23:48:00,52.614991,13.535661,0,aus
2026-06-01 23:49:00,52.614991,13.535661,0,aus
2026-06-01 23:50:00,52.614991,13.535661,0,aus
2026-06-01 23:51:00,52.614991,13.535661,0,aus
2026-06-01 23:52:00,52.614991,13.535661,0,aus
2026-06-01 23:53:00,52.614991,13.535661,0,aus
2026-06-01 23:54:00,52.614991,13.535661,0,aus
2026-06-01 23:55:00,52.614991,13.535661,0,aus
2026-06-01 23:56:00,52.614991,13.535661,0,aus
2026-06-01 23:57:00,52.614991,13.535661,0,aus
2026-06-01 23:58:00,52.614991,13.535661,0,aus
2026-06-01 23:59:00,52.614991,13.535661,0,aus
2026-06-02 00:00:00,52.614991,13.535661,0,aus
2026-06-02 00:01:00,52.614991,13.535661,0,aus
2026-06-02 00:02:00,52.614991,13.535661,0,aus
2026-06-02 00:03:00,52.614991,13.535661,0,aus
2026-06-02 00:04:00,52.614991,13.535661,0,aus
2026-06-02 00:05:00,52.614991,13.535661,0,aus
2026-06-02 00:06:00,52.614991,13.535661,0,aus
2026-06-02 00:07:00,52.614991,13.535661,0,aus
2026-06-02 00:08:00,52.614991,13.535661,0,aus
2026-06-02 00:09:00,52.614991,13.535661,0,aus
2026-06-02 00:10:00,52.614991,13.535661,0,aus
2026-06-02 00:11:00,52.614991,13.535661,0,aus
2026-06-02 00:12:00,52.614991,13.535661,0,aus
2026-06-02 00:13:00,52.614991,13.535661,0,aus
2026-06-02 00:14:00,52.614991,13.535661,0,aus
2026-06-02 00:15:00,52.614991,13.535661,0,aus
2026-06-02 00:16:00,52.614991,13.535661,0,aus
2026-06-02 00:17:00,52.614991,13.535661,0,aus
2026-06-02 00:18:00,52.614991,13.535661,0,aus
2026-06-02 00:19:00,52.614991,13.535661,0,aus
2026-06-02 00:20:00,52.614991,13.535661,0,aus
2026-06-02 00:21:00,52.614991,13.535661,0,aus
2026-06-02 00:22:00,52.614991,13.535661,0,aus
2026-06-02 00:23:00,52.614991,13.535661,0,aus
2026-06-02 00:24:00,52.614991,13.535661,0,aus
2026-06-02 00:25:00,52.614991,13.535661,0,aus
2026-06-02 00:26:00,52.614991,13.535661,0,aus
2026-06-02 00:27:00,52.614991,13.535661,0,aus
2026-06-02 00:28:00,52.614991,13.535661,0,aus
2026-06-02 00:29:00,52.614991,13.535661,0,aus
2026-06-02 00:30:00,52.614991,13.535661,0,aus
2026-06-02 00:31:00,52.614991,13.535661,0,aus
2026-06-02 00:32:00,52.614991,13.535661,0,aus
2026-06-02 00:33:00,52.614991,13.535661,0,aus
2026-06-02 00:34:00,52.614991,13.535661,0,aus
2026-06-02 00:35:00,52.614991,13.535661,0,aus
2026-06-02 00:36:00,52.614991,13.535661,0,aus
2026-06-02 00:37:00,52.614991,13.535661,0,aus
2026-06-02 00:38:00,52.614991,13.535661,0,aus
2026-06-02 00:39:00,52.614991,13.535661,0,aus
2026-06-02 00:40:00,52.614991,13.535661,0,aus
2026-06-02 00:41:00,52.614991,13.535661,0,aus
2026-06-02 00:42:00,52.614991,13.535661,0,aus
2026-06-02 00:43:00,52.614991,13.535661,0,aus
2026-06-02 00:44:00,52.614991,13.535661,0,aus
2026-06-02 00:45:00,52.614991,13.535661,0,aus
2026-06-02 00:46:00,52.614991,13.535661,0,aus
2026-06-02 00:47:00,52.614991,13.535661,0,aus
2026-06-02 00:48:00,52.614991,13.535661,0,aus
2026-06-02 00:49:00,52.614991,13.535661,0,aus
2026-06-02 00:50:00,52.614991,13.535661,0,aus
2026-06-02 00:51:00,52.614991,13.535661,0,aus
2026-06-02 00:52:00,52.614991,13.535661,0,aus
2026-06-02 00:53:00,52.614991,13.535661,0,aus
2026-06-02 00:54:00,52.614991,13.535661,0,aus
2026-06-02 00:55:00,52.614991,13.535661,0,aus
2026-06-02 00:56:00,52.614991,13.535661,0,aus
2026-06-02 00:57:00,52.614991,13.535661,0,aus
2026-06-02 00:58:00,52.614991,13.535661,0,aus
2026-06-02 00:59:00,52.614991,13.535661,0,aus
2026-06-02 01:00:00,52.614991,13.535661,0,aus
2026-06-02 01:01:00,52.614991,13.535661,0,aus
2026-06-02 01:02:00,52.614991,13.535661,0,aus
2026-06-02 01:03:00,52.614991,13.535661,0,aus
2026-06-02 01:04:00,52.614991,13.535661,0,aus
2026-06-02 01:05:00,52.614991,13.535661,0,aus
2026-06-02 01:06:00,52.614991,13.535661,0,aus
2026-06-02 01:07:00,52.614991,13.535661,0,aus
2026-06-02 01:08:00,52.614991,13.535661,0,aus
2026-06-02 01:09:00,52.614991,13.535661,0,aus
2026-06-02 01:10:00,52.614991,13.535661,0,aus
2026-06-02 01:11:00,52.614991,13.535661,0,aus
2026-06-02 01:12:00,52.614991,13.535661,0,aus
2026-06-02 01:13:00,52.614991,13.535661,0,aus
2026-06-02 01:14:00,52.614991,13.535661,0,aus
2026-06-02 01:15:00,52.614991,13.535661,0,aus
2026-06-02 01:16:00,52.614991,13.535661,0,aus
2026-06-02 01:17:00,52.614991,13.535661,0,aus
2026-06-02 01:18:00,52.614991,13.535661,0,aus
2026-06-02 01:19:00,52.614991,13.535661,0,aus
2026-06-02 01:20:00,52.614991,13.535661,0,aus
2026-06-02 01:21:00,52.614991,13.535661,0,aus
2026-06-02 01:22:00,52.614991,13.535661,0,aus
2026-06-02 01:23:00,52.614991,13.535661,0,aus
2026-06-02 01:24:00,52.614991,13.535661,0,aus
2026-06-02 01:25:00,52.614991,13.535661,0,aus
2026-06-02 01:26:00,52.614991,13.535661,0,aus
2026-06-02 01:27:00,52.614991,13.535661,0,aus
2026-06-02 01:28:00,52.614991,13.535661,0,aus
2026-06-02 01:29:00,52.614991,13.535661,0,aus
2026-06-02 01:30:00,52.614991,13.535661,0,aus
2026-06-02 01:31:00,52.614991,13.535661,0,aus
2026-06-02 01:32:00,52.614991,13.535661,0,aus
2026-06-02 01:33:00,52.614991,13.535661,0,aus
2026-06-02 01:34:00,52.614991,13.535661,0,aus
2026-06-02 01:35:00,52.614991,13.535661,0,aus
2026-06-02 01:36:00,52.614991,13.535661,0,aus
2026-06-02 01:37:00,52.614991,13.535661,0,aus
2026-06-02 01:38:00,52.614991,13.535661,0,aus
2026-06-02 01:39:00,52.614991,13.535661,0,aus
2026-06-02 01:40:00,52.614991,13.535661,0,aus
2026-06-02 01:41:00,52.614991,13.535661,0,aus
2026-06-02 01:42:00,52.614991,13.535661,0,aus
2026-06-02 01:43:00,52.614991,13.535661,0,aus
2026-06-02 01:44:00,52.614991,13.535661,0,aus
2026-06-02 01:45:00,52.614991,13.535661,0,aus
2026-06-02 01:46:00,52.614991,13.535661,0,aus
2026-06-02 01:47:00,52.614991,13.535661,0,aus
2026-06-02 01:48:00,52.614991,13.535661,0,aus
2026-06-02 01:49:00,52.614991,13.535661,0,aus
2026-06-02 01:50:00,52.614991,13.535661,0,aus
2026-06-02 01:51:00,52.614991,13.535661,0,aus
2026-06-02 01:52:00,52.614991,13.535661,0,aus
2026-06-02 01:53:00,52.614991,13.535661,0,aus
2026-06-02 01:54:00,52.614991,13.535661,0,aus
2026-06-02 01:55:00,52.614991,13.535661,0,aus
2026-06-02 01:56:00,52.614991,13.535661,0,aus
2026-06-02 01:57:00,52.614991,13.535661,0,aus
2026-06-02 01:58:00,52.614991,13.535661,0,aus
2026-06-02 01:59:00,52.614991,13.535661,0,aus
2026-06-02 02:00:00,52.614991,13.535661,0,aus
2026-06-02 02:01:00,52.614991,13.535661,0,aus
2026-06-02 02:02:00,52.614991,13.535661,0,aus
2026-06-02 02:03:00,52.614991,13.535661,0,aus
2026-06-02 02:04:00,52.614991,13.535661,0,aus
2026-06-02 02:05:00,52.614991,13.535661,0,aus
2026-06-02 02:06:00,52.614991,13.535661,0,aus
2026-06-02 02:07:00,52.614991,13.535661,0,aus
2026-06-02 02:08:00,52.614991,13.535661,0,aus
2026-06-02 02:09:00,52.614991,13.535661,0,aus
2026-06-02 02:10:00,52.614991,13.535661,0,aus
2026-06-02 02:11:00,52.614991,13.535661,0,aus
2026-06-02 02:12:00,52.614991,13.535661,0,aus
2026-06-02 02:13:00,52.614991,13.535661,0,aus
2026-06-02 02:14:00,52.614991,13.535661,0,aus
2026-06-02 02:15:00,52.614991,13.535661,0,aus
2026-06-02 02:16:00,52.614991,13.535661,0,aus
2026-06-02 02:17:00,52.614991,13.535661,0,aus
2026-06-02 02:18:00,52.614991,13.535661,0,aus
2026-06-02 02:19:00,52.614991,13.535661,0,aus
2026-06-02 02:20:00,52.614991,13.535661,0,aus
2026-06-02 02:21:00,52.614991,13.535661,0,aus
2026-06-02 02:22:00,52.614991,13.535661,0,aus
2026-06-02 02:23:00,52.614991,13.535661,0,aus
2026-06-02 02:24:00,52.614991,13.535661,0,aus
2026-06-02 02:25:00,52.614991,13.535661,0,aus
2026-06-02 02:26:00,52.614991,13.535661,0,aus
2026-06-02 02:27:00,52.614991,13.535661,0,aus
2026-06-02 02:28:00,52.614991,13.535661,0,aus
2026-06-02 02:29:00,52.614991,13.535661,0,aus
2026-06-02 02:30:00,52.614991,13.535661,0,aus
2026-06-02 02:31:00,52.614991,13.535661,0,aus
2026-06-02 02:32:00,52.614991,13.535661,0,aus
2026-06-02 02:33:00,52.614991,13.535661,0,aus
2026-06-02 02:34:00,52.614991,13.535661,0,aus
2026-06-02 02:35:00,52.614991,13.535661,0,aus
2026-06-02 02:36:00,52.614991,13.535661,0,aus
2026-06-02 02:37:00,52.614991,13.535661,0,aus
2026-06-02 02:38:00,52.614991,13.535661,0,aus
2026-06-02 02:39:00,52.614991,13.535661,0,aus
2026-06-02 02:40:00,52.614991,13.535661,0,aus
2026-06-02 02:41:00,52.614991,13.535661,0,aus
2026-06-02 02:42:00,52.614991,13.535661,0,aus
2026-06-02 02:43:00,52.614991,13.535661,0,aus
2026-06-02 02:44:00,52.614991,13.535661,0,aus
2026-06-02 02:45:00,52.614991,13.535661,0,aus
2026-06-02 02:46:00,52.614991,13.535661,0,aus
2026-06-02 02:47:00,52.614991,13.535661,0,aus
2026-06-02 02:48:00,52.614991,13.535661,0,aus
2026-06-02 02:49:00,52.614991,13.535661,0,aus
2026-06-02 02:50:00,52.614991,13.535661,0,aus
2026-06-02 02:51:00,52.614991,13.535661,0,aus
2026-06-02 02:52:00,52.614991,13.535661,0,aus
2026-06-02 02:53:00,52.614991,13.535661,0,aus
2026-06-02 02:54:00,52.614991,13.535661,0,aus
2026-06-02 02:55:00,52.614991,13.535661,0,aus
2026-06-02 02:56:00,52.614991,13.535661,0,aus
2026-06-02 02:57:00,52.614991,13.535661,0,aus
2026-06-02 02:58:00,52.614991,13.535661,0,aus
2026-06-02 02:59:00,52.614991,13.535661,0,aus
2026-06-02 03:00:00,52.614991,13.535661,0,aus
2026-06-02 03:01:00,52.614991,13.535661,0,aus
2026-06-02 03:02:00,52.614991,13.535661,0,aus
2026-06-02 03:03:00,52.614991,13.535661,0,aus
2026-06-02 03:04:00,52.614991,13.535661,0,aus
2026-06-02 03:05:00,52.614991,13.535661,0,aus
2026-06-02 03:06:00,52.614991,13.535661,0,aus
2026-06-02 03:07:00,52.614991,13.535661,0,aus
2026-06-02 03:08:00,52.614991,13.535661,0,aus
2026-06-02 03:09:00,52.614991,13.535661,0,aus
2026-06-02 03:10:00,52.614991,13.535661,0,aus
2026-06-02 03:11:00,52.614991,13.535661,0,aus
2026-06-02 03:12:00,52.614991,13.535661,0,aus
2026-06-02 03:13:00,52.614991,13.535661,0,aus
2026-06-02 03:14:00,52.614991,13.535661,0,aus
2026-06-02 03:15:00,52.614991,13.535661,0,aus
2026-06-02 03:16:00,52.614991,13.535661,0,aus
2026-06-02 03:17:00,52.614991,13.535661,0,aus
2026-06-02 03:18:00,52.614991,13.535661,0,aus
2026-06-02 03:19:00,52.614991,13.535661,0,aus
2026-06-02 03:20:00,52.614991,13.535661,0,aus
2026-06-02 03:21:00,52.614991,13.535661,0,aus
2026-06-02 03:22:00,52.614991,13.535661,0,aus
2026-06-02 03:23:00,52.614991,13.535661,0,aus
2026-06-02 03:24:00,52.614991,13.535661,0,aus
2026-06-02 03:25:00,52.614991,13.535661,0,aus
2026-06-02 03:26:00,52.614991,13.535661,0,aus
2026-06-02 03:27:00,52.614991,13.535661,0,aus
2026-06-02 03:28:00,52.614991,13.535661,0,aus
2026-06-02 03:29:00,52.614991,13.535661,0,aus
2026-06-02 03:30:00,52.614991,13.535661,0,aus
2026-06-02 03:31:00,52.614991,13.535661,0,aus
2026-06-02 03:32:00,52.614991,13.535661,0,aus
2026-06-02 03:33:00,52.614991,13.535661,0,aus
2026-06-02 03:34:00,52.614991,13.535661,0,aus
2026-06-02 03:35:00,52.614991,13.535661,0,aus
2026-06-02 03:36:00,52.614991,13.535661,0,aus
2026-06-02 03:37:00,52.614991,13.535661,0,aus
2026-06-02 03:38:00,52.614991,13.535661,0,aus
2026-06-02 03:39:00,52.614991,13.535661,0,aus
2026-06-02 03:40:00,52.614991,13.535661,0,aus
2026-06-02 03:41:00,52.614991,13.535661,0,aus
2026-06-02 03:42:00,52.614991,13.535661,0,aus
2026-06-02 03:43:00,52.614991,13.535661,0,aus
2026-06-02 03:44:00,52.614991,13.535661,0,aus
2026-06-02 03:45:00,52.614991,13.535661,0,aus
2026-06-02 03:46:00,52.614991,13.535661,0,aus
2026-06-02 03:47:00,52.614991,13.535661,0,aus
2026-06-02 03:48:00,52.614991,13.535661,0,aus
2026-06-02 03:49:00,52.614991,13.535661,0,aus
2026-06-02 03:50:00,52.614991,13.535661,0,aus
2026-06-02 03:51:00,52.614991,13.535661,0,aus
2026-06-02 03:52:00,52.614991,13.535661,0,aus
2026-06-02 03:53:00,52.614991,13.535661,0,aus
2026-06-02 03:54:00,52.614991,13.535661,0,aus
2026-06-02 03:55:00,52.614991,13.535661,0,aus
2026-06-02 03:56:00,52.614991,13.535661,0,aus
2026-06-02 03:57:00,52.614991,13.535661,0,aus
2026-06-02 03:58:00,52.614991,13.535661,0,aus
2026-06-02 03:59:00,52.614991,13.535661,0,aus
2026-06-02 04:00:00,52.614991,13.535661,0,aus
2026-06-02 04:01:00,52.614991,13.535661,0,aus
2026-06-02 04:02:00,52.614991,13.535661,0,aus
2026-06-02 04:03:00,52.614991,13.535661,0,aus
2026-06-02 04:04:00,52.614991,13.535661,0,aus
2026-06-02 04:05:00,52.614991,13.535661,0,aus
2026-06-02 04:06:00,52.614991,13.535661,0,aus
2026-06-02 04:07:00,52.614991,13.535661,0,aus
2026-06-02 04:08:00,52.614991,13.535661,0,aus
2026-06-02 04:09:00,52.614991,13.535661,0,aus
2026-06-02 04:10:00,52.614991,13.535661,0,aus
2026-06-02 04:10:20,52.615511,13.540524,60,an
2026-06-02 04:10:40,52.616032,13.545386,60,an
2026-06-02 04:11:00,52.616552,13.550248,60,an
2026-06-02 04:11:20,52.617072,13.555111,60,an
2026-06-02 04:11:40,52.617593,13.559973,60,an
2026-06-02 04:12:00,52.618113,13.564836,60,an
2026-06-02 04:12:20,52.618634,13.569699,60,an
2026-06-02 04:12:40,52.619154,13.574561,60,an
2026-06-02 04:13:00,52.619675,13.579424,60,an
2026-06-02 04:13:20,52.620195,13.584287,60,an
2026-06-02 04:13:40,52.620716,13.589150,60,an
2026-06-02 04:14:00,52.621236,13.594013,60,an
2026-06-02 04:14:20,52.621757,13.598876,60,an
2026-06-02 04:14:40,52.622277,13.603739,60,an
2026-06-02 04:15:00,52.622797,13.608602,60,an
2026-06-02 04:15:20,52.623318,13.613465,60,an
2026-06-02 04:15:40,52.623838,13.618328,60,an
2026-06-02 04:16:00,52.624359,13.623191,60,an
2026-06-02 04:16:20,52.624879,13.628055,60,an
2026-06-02 04:16:40,52.625400,13.632918,60,an
2026-06-02 04:37:00,52.625920,13.637782,60,an
2026-06-02 04:37:20,52.626441,13.642645,60,an
2026-06-02 04:37:40,52.626961,13.647509,60,an
2026-06-02 04:38:00,52.627481,13.652372,60,an
2026-06-02 04:38:20,52.628002,13.657236,60,an
2026-06-02 04:38:40,52.628522,13.662100,60,an
2026-06-02 04:39:00,52.629043,13.666964,60,an
2026-06-02 04:39:20,52.629563,13.671827,60,an
2026-06-02 04:39:40,52.630084,13.676691,60,an
2026-06-02 04:40:00,52.630604,13.681555,60,an
2026-06-02 04:40:20,52.631125,13.686419,60,an
2026-06-02 04:40:40,52.631645,13.691283,60,an
2026-06-02 04:41:00,52.632166,13.696148,60,an
2026-06-02 04:41:20,52.632686,13.701012,60,an
2026-06-02 04:41:40,52.633206,13.705876,60,an
2026-06-02 04:42:00,52.633727,13.710740,60,an
2026-06-02 04:42:20,52.634247,13.715605,60,an
2026-06-02 04:42:40,52.634768,13.720469,60,an
2026-06-02 04:43:00,52.635288,13.725334,60,an
2026-06-02 04:43:20,52.635809,13.730198,60,an
2026-06-02 04:43:40,52.636329,13.735063,60,an
2026-06-02 04:44:00,52.636850,13.739928,60,an
2026-06-02 04:44:20,52.637370,13.744792,60,an
2026-06-02 04:44:40,52.637891,13.749657,60,an
2026-06-02 04:45:00,52.638411,13.754522,60,an
2026-06-02 04:46:00,52.638411,13.754522,0,aus
2026-06-02 04:47:00,52.638411,13.754522,0,aus
2026-06-02 04:48:00,52.638411,13.754522,0,aus
2026-06-02 04:49:00,52.638411,13.754522,0,aus
2026-06-02 04:50:00,52.638411,13.754522,0,aus
2026-06-02 04:51:00,52.638411,13.754522,0,aus
2026-06-02 04:52:00,52.638411,13.754522,0,aus
2026-06-02 04:53:00,52.638411,13.754522,0,aus
2026-06-02 04:54:00,52.638411,13.754522,0,aus
2026-06-02 04:55:00,52.638411,13.754522,0,aus
2026-06-02 04:56:00,52.638411,13.754522,0,aus
2026-06-02 04:57:00,52.638411,13.754522,0,aus
2026-06-02 04:58:00,52.638411,13.754522,0,aus
2026-06-02 04:59:00,52.638411,13.754522,0,aus
2026-06-02 05:00:00,52.638411,13.754522,0,aus
2026-06-02 05:01:00,52.638411,13.754522,0,aus
2026-06-02 05:02:00,52.638411,13.754522,0,aus
2026-06-02 05:03:00,52.638411,13.754522,0,aus
2026-06-02 05:04:00,52.638411,13.754522,0,aus
2026-06-02 05:05:00,52.638411,13.754522,0,aus
2026-06-02 05:06:00,52.638411,13.754522,0,aus
2026-06-02 05:07:00,52.638411,13.754522,0,aus
2026-06-02 05:08:00,52.638411,13.754522,0,aus
2026-06-02 05:09:00,52.638411,13.754522,0,aus
2026-06-02 05:10:00,52.638411,13.754522,0,aus
2026-06-02 05:11:00,52.638411,13.754522,0,aus
2026-06-02 05:12:00,52.638411,13.754522,0,aus
2026-06-02 05:13:00,52.638411,13.754522,0,aus
2026-06-02 05:14:00,52.638411,13.754522,0,aus
2026-06-02 05:15:00,52.638411,13.754522,0,aus
2026-06-02 05:16:00,52.638411,13.754522,0,aus
2026-06-02 05:17:00,52.638411,13.754522,0,aus
2026-06-02 05:18:00,52.638411,13.754522,0,aus
2026-06-02 05:19:00,52.638411,13.754522,0,aus
2026-06-02 05:20:00,52.638411,13.754522,0,aus
2026-06-02 05:21:00,52.638411,13.754522,0,aus
2026-06-02 05:22:00,52.638411,13.754522,0,aus
2026-06-02 05:23:00,52.638411,13.754522,0,aus
2026-06-02 05:24:00,52.638411,13.754522,0,aus
2026-06-02 05:25:00,52.638411,13.754522,0,aus
2026-06-02 05:26:00,52.638411,13.754522,0,aus
2026-06-02 05:27:00,52.638411,13.754522,0,aus
2026-06-02 05:28:00,52.638411,13.754522,0,aus
2026-06-02 05:29:00,52.638411,13.754522,0,aus
2026-06-02 05:30:00,52.638411,13.754522,0,aus
2026-06-02 05:31:00,52.638411,13.754522,0,aus
2026-06-02 05:32:00,52.638411,13.754522,0,aus
2026-06-02 05:33:00,52.638411,13.754522,0,aus
2026-06-02 05:34:00,52.638411,13.754522,0,aus
2026-06-02 05:35:00,52.638411,13.754522,0,aus
2026-06-02 05:36:00,52.638411,13.754522,0,aus
2026-06-02 05:37:00,52.638411,13.754522,0,aus
2026-06-02 05:38:00,52.638411,13.754522,0,aus
2026-06-02 05:39:00,52.638411,13.754522,0,aus
2026-06-02 05:40:00,52.638411,13.754522,0,aus
2026-06-02 05:41:00,52.638411,13.754522,0,aus
2026-06-02 05:42:00,52.638411,13.754522,0,aus
2026-06-02 05:43:00,52.638411,13.754522,0,aus
2026-06-02 05:44:00,52.638411,13.754522,0,aus
2026-06-02 05:45:00,52.638411,13.754522,0,aus
2026-06-02 05:46:00,52.638411,13.754522,0,aus
2026-06-02 05:47:00,52.638411,13.754522,0,aus
2026-06-02 05:48:00,52.638411,13.754522,0,aus
2026-06-02 05:49:00,52.638411,13.754522,0,aus
2026-06-02 05:50:00,52.638411,13.754522,0,aus
2026-06-02 05:51:00,52.638411,13.754522,0,aus
2026-06-02 05:52:00,52.638411,13.754522,0,aus
2026-06-02 05:53:00,52.638411,13.754522,0,aus
2026-06-02 05:54:00,52.638411,13.754522,0,aus
2026-06-02 05:55:00,52.638411,13.754522,0,aus
2026-06-02 05:56:00,52.638411,13.754522,0,aus
2026-06-02 05:57:00,52.638411,13.754522,0,aus
2026-06-02 05:58:00,52.638411,13.754522,0,aus
2026-06-02 05:59:00,52.638411,13.754522,0,aus
2026-06-02 06:00:00,52.638411,13.754522,0,aus
2026-06-02 06:01:00,52.638411,13.754522,0,aus
2026-06-02 06:02:00,52.638411,13.754522,0,aus
2026-06-02 06:03:00,52.638411,13.754522,0,aus
2026-06-02 06:04:00,52.638411,13.754522,0,aus
2026-06-02 06:05:00,52.638411,13.754522,0,aus
2026-06-02 06:06:00,52.638411,13.754522,0,aus
2026-06-02 06:07:00,52.638411,13.754522,0,aus
2026-06-02 06:08:00,52.638411,13.754522,0,aus
2026-06-02 06:09:00,52.638411,13.754522,0,aus
2026-06-02 06:10:00,52.638411,13.754522,0,aus
2026-06-02 06:11:00,52.638411,13.754522,0,aus
2026-06-02 06:12:00,52.638411,13.754522,0,aus
2026-06-02 06:13:00,52.638411,13.754522,0,aus
2026-06-02 06:14:00,52.638411,13.754522,0,aus
2026-06-02 06:15:00,52.638411,13.754522,0,aus
2026-06-02 06:15:20,52.637630,13.747225,90,an
2026-06-02 06:15:40,52.636849,13.739928,90,an
2026-06-02 06:16:00,52.636068,13.732631,90,an
2026-06-02 06:16:20,52.635287,13.725334,90,an
2026-06-02 06:16:40,52.634506,13.718038,90,an
2026-06-02 06:17:00,52.633725,13.710741,90,an
2026-06-02 06:17:20,52.632944,13.703445,90,an
2026-06-02 06:17:40,52.632163,13.696148,90,an
2026-06-02 06:18:00,52.631382,13.688852,90,an
2026-06-02 06:18:20,52.630600,13.681556,90,an
2026-06-02 06:18:40,52.629819,13.674261,90,an
2026-06-02 06:19:00,52.629038,13.666965,90,an
2026-06-02 06:19:20,52.628257,13.659669,90,an
2026-06-02 06:19:40,52.627476,13.652374,90,an
2026-06-02 06:20:00,52.626695,13.645079,90,an
2026-06-02 06:20:20,52.625914,13.637783,90,an
2026-06-02 06:20:40,52.625133,13.630488,90,an
2026-06-02 06:21:00,52.624352,13.623193,90,an
2026-06-02 06:21:20,52.623571,13.615899,90,an
2026-06-02 06:21:40,52.622790,13.608604,90,an
2026-06-02 06:22:00,52.622009,13.601309,90,an
2026-06-02 06:22:20,52.621228,13.594015,90,an
2026-06-02 06:22:40,52.620447,13.586721,90,an
2026-06-02 06:23:00,52.619666,13.579427,90,an
2026-06-02 06:23:20,52.618885,13.572133,90,an
2026-06-02 06:23:40,52.618104,13.564839,90,an
2026-06-02 06:24:00,52.617323,13.557545,90,an
2026-06-02 06:24:20,52.616542,13.550251,90,an
2026-06-02 06:24:40,52.615760,13.542958,90,an
2026-06-02 06:25:00,52.614979,13.535665,90,an
2026-06-02 06:25:20,52.614198,13.528371,90,an
2026-06-02 06:25:40,52.613417,13.521078,90,an
2026-06-02 06:26:00,52.612636,13.513785,90,an
2026-06-02 06:26:20,52.611855,13.506492,90,an
2026-06-02 06:26:40,52.611074,13.499200,90,an
2026-06-02 06:27:00,52.610293,13.491907,90,an
2026-06-02 06:27:20,52.609512,13.484615,90,an
2026-06-02 06:27:40,52.608731,13.477322,90,an
2026-06-02 06:28:00,52.607950,13.470030,90,an
2026-06-02 06:28:20,52.607169,13.462738,90,an
2026-06-02 06:28:40,52.606388,13.455446,90,an
2026-06-02 06:29:00,52.605607,13.448154,90,an
2026-06-02 06:29:20,52.604826,13.440863,90,an
2026-06-02 06:29:40,52.604045,13.433571,90,an
2026-06-02 06:30:00,52.603264,13.426280,90,an
2026-06-02 06:30:20,52.602483,13.418989,90,an
2026-06-02 06:30:40,52.601702,13.411697,90,an
2026-06-02 06:31:00,52.600920,13.404406,90,an
2026-06-02 06:31:20,52.600139,13.397115,90,an
2026-06-02 06:31:40,52.599358,13.389825,90,an
2026-06-02 06:32:00,52.598577,13.382534,90,an
2026-06-02 06:32:20,52.597796,13.375244,90,an
2026-06-02 06:32:40,52.597015,13.367953,90,an
2026-06-02 06:33:00,52.596234,13.360663,90,an
2026-06-02 06:33:20,52.595453,13.353373,90,an
2026-06-02 06:33:40,52.594672,13.346083,90,an
2026-06-02 06:34:00,52.593891,13.338793,90,an
2026-06-02 06:34:20,52.593110,13.331503,90,an
2026-06-02 06:34:40,52.592329,13.324214,90,an
2026-06-02 06:35:00,52.591548,13.316924,90,an
2026-06-02 23:20:20,52.590897,13.322999,75,an
2026-06-02 23:20:40,52.590246,13.329073,75,an
2026-06-02 23:21:00,52.589595,13.335147,75,an
2026-06-02 23:21:20,52.588944,13.341222,75,an
2026-06-02 23:21:40,52.588294,13.347296,75,an
2026-06-02 23:22:00,52.587643,13.353370,75,an
2026-06-02 23:22:20,52.586992,13.359444,75,an
2026-06-02 23:22:40,52.586341,13.365517,75,an
2026-06-02 23:23:00,52.585690,13.371591,75,an
2026-06-02 23:23:20,52.585039,13.377665,75,an
2026-06-02 23:23:40,52.584389,13.383738,75,an
2026-06-02 23:24:00,52.583738,13.389812,75,an
2026-06-02 23:24:20,52.583087,13.395885,75,an
2026-06-02 23:24:40,52.582436,13.401958,75,an
2026-06-02 23:25:00,52.581785,13.408032,75,an
2026-06-02 23:25:20,52.581134,13.414105,75,an
2026-06-02 23:25:40,52.580484,13.420178,75,an
2026-06-02 23:26:00,52.579833,13.426251,75,an
2026-06-02 23:26:20,52.579182,13.432324,75,an
2026-06-02 23:26:40,52.578531,13.438396,75,an
2026-06-02 23:27:00,52.577880,13.444469,75,an
2026-06-02 23:27:20,52.577229,13.450542,75,an
2026-06-02 23:27:40,52.576578,13.456614,75,an
2026-06-02 23:28:00,52.575928,13.462686,75,an
2026-06-02 23:28:20,52.575277,13.468759,75,an
2026-06-02 23:28:40,52.574626,13.474831,75,an
2026-06-02 23:29:00,52.573975,13.480903,75,an
2026-06-02 23:29:20,52.573324,13.486975,75,an
2026-06-02 23:29:40,52.572673,13.493047,75,an
2026-06-02 23:30:00,52.572023,13.499119,75,an
2026-06-02 23:30:20,52.571372,13.505191,75,an
2026-06-02 23:30:40,52.570721,13.511262,75,an
2026-06-02 23:31:00,52.570070,13.517334,75,an
2026-06-02 23:31:20,52.569419,13.523405,75,an
2026-06-02 23:31:40,52.568768,13.529477,75,an
2026-06-02 23:32:00,52.568117,13.535548,75,an
2026-06-02 23:32:20,52.567467,13.541619,75,an
2026-06-02 23:32:40,52.566816,13.547690,75,an
2026-06-02 23:33:00,52.566165,13.553761,75,an
2026-06-02 23:33:20,52.565514,13.559832,75,an
2026-06-02 23:33:40,52.564863,13.565903,75,an
2026-06-02 23:34:00,52.564212,13.571974,75,an
2026-06-02 23:34:20,52.563562,13.578045,75,an
2026-06-02 23:34:40,52.562911,13.584115,75,an
2026-06-02 23:35:00,52.562260,13.590186,75,an
2026-06-02 23:35:20,52.561609,13.596256,75,an
2026-06-02 23:35:40,52.560958,13.602326,75,an
2026-06-02 23:36:00,52.560307,13.608397,75,an
2026-06-02 23:36:20,52.559656,13.614467,75,an
2026-06-02 23:36:40,52.559006,13.620537,75,an
2026-06-02 23:37:00,52.558355,13.626607,75,an
2026-06-02 23:37:20,52.557704,13.632677,75,an
2026-06-02 23:37:40,52.557053,13.638746,75,an
2026-06-02 23:38:00,52.556402,13.644816,75,an
2026-06-02 23:39:00,52.556402,13.644816,0,aus
2026-06-02 23:40:00,52.556402,13.644816,0,aus
2026-06-02 23:41:00,52.556402,13.644816,0,aus
2026-06-02 23:42:00,52.556402,13.644816,0,aus
2026-06-02 23:43:00,52.556402,13.644816,0,aus
2026-06-02 23:44:00,52.556402,13.644816,0,aus
2026-06-02 23:45:00,52.556402,13.644816,0,aus
2026-06-02 23:46:00,52.556402,13.644816,0,aus
2026-06-02 23:47:00,52.556402,13.644816,0,aus
2026-06-02 23:48:00,52.556402,13.644816,0,aus
2026-06-02 23:49:00,52.556402,13.644816,0,aus
2026-06-02 23:50:00,52.556402,13.644816,0,aus
2026-06-02 23:51:00,52.556402,13.644816,0,aus
2026-06-02 23:52:00,52.556402,13.644816,0,aus
2026-06-02 23:53:00,52.556402,13.644816,0,aus
2026-06-02 23:54:00,52.556402,13.644816,0,aus
2026-06-02 23:55:00,52.556402,13.644816,0,aus
2026-06-02 23:56:00,52.556402,13.644816,0,aus
2026-06-02 23:57:00,52.556402,13.644816,0,aus
2026-06-02 23:58:00,52.556402,13.644816,0,aus
2026-06-02 23:59:00,52.556402,13.644816,0,aus
2026-06-03 00:00:00,52.556402,13.644816,0,aus
2026-06-03 00:01:00,52.556402,13.644816,0,aus
2026-06-03 00:02:00,52.556402,13.644816,0,aus
2026-06-03 00:03:00,52.556402,13.644816,0,aus
2026-06-03 00:04:00,52.556402,13.644816,0,aus
2026-06-03 00:05:00,52.556402,13.644816,0,aus
2026-06-03 00:06:00,52.556402,13.644816,0,aus
2026-06-03 00:07:00,52.556402,13.644816,0,aus
2026-06-03 00:08:00,52.556402,13.644816,0,aus
2026-06-03 00:09:00,52.556402,13.644816,0,aus
2026-06-03 00:10:00,52.556402,13.644816,0,aus
2026-06-03 00:11:00,52.556402,13.644816,0,aus
2026-06-03 00:12:00,52.556402,13.644816,0,aus
2026-06-03 00:13:00,52.556402,13.644816,0,aus
2026-06-03 00:14:00,52.556402,13.644816,0,aus
2026-06-03 00:15:00,52.556402,13.644816,0,aus
2026-06-03 00:16:00,52.556402,13.644816,0,aus
2026-06-03 00:17:00,52.556402,13.644816,0,aus
2026-06-03 00:18:00,52.556402,13.644816,0,aus
2026-06-03 00:19:00,52.556402,13.644816,0,aus
2026-06-03 00:20:00,52.556402,13.644816,0,aus
2026-06-03 00:21:00,52.556402,13.644816,0,aus
2026-06-03 00:22:00,52.556402,13.644816,0,aus
2026-06-03 00:23:00,52.556402,13.644816,0,aus
2026-06-03 00:24:00,52.556402,13.644816,0,aus
2026-06-03 00:25:00,52.556402,13.644816,0,aus
2026-06-03 00:26:00,52.556402,13.644816,0,aus
2026-06-03 00:27:00,52.556402,13.644816,0,aus
2026-06-03 00:28:00,52.556402,13.644816,0,aus
2026-06-03 00:29:00,52.556402,13.644816,0,aus
2026-06-03 00:30:00,52.556402,13.644816,0,aus
2026-06-03 00:31:00,52.556402,13.644816,0,aus
2026-06-03 00:32:00,52.556402,13.644816,0,aus
2026-06-03 00:33:00,52.556402,13.644816,0,aus
2026-06-03 00:34:00,52.556402,13.644816,0,aus
2026-06-03 00:35:00,52.556402,13.644816,0,aus
2026-06-03 00:36:00,52.556402,13.644816,0,aus
2026-06-03 00:37:00,52.556402,13.644816,0,aus
2026-06-03 00:38:00,52.556402,13.644816,0,aus
